,attentioncorrect,pate_01,pate_02
0,,,
1,,,
2,1,4.0,4.0
3,1,5.0,5.0
4,1,4.0,5.0
5,,4.0,3.0
6,1,5.0,5.0
7,,2.0,4.0
8,,,
9,1,4.0,4.0
10,1,4.0,4.0
11,,3.0,4.0
12,1,4.0,5.0
13,1,4.0,4.0
14,1,3.0,5.0
15,,,
16,,,
17,1,5.0,4.0
18,1,3.0,3.0
19,1,4.0,4.0
20,1,3.0,3.0
21,,,
22,,,
23,1,5.0,4.0
24,1,3.0,5.0
25,0,4.0,4.0
26,1,4.0,4.0
27,,5.0,4.0
28,1,5.0,5.0
29,1,2.0,5.0
30,1,4.0,4.0
31,1,4.0,4.0
32,1,4.0,4.0
33,1,3.0,3.0
34,,3.0,4.0
35,1,3.0,4.0
36,1,4.0,4.0
37,,5.0,5.0
38,1,5.0,5.0
39,1,5.0,4.0
40,,3.0,4.0
41,,4.0,3.0
42,,5.0,4.0
43,,3.0,3.0
44,1,4.0,4.0
45,1,4.0,5.0
46,1,4.0,4.0
47,1,3.0,3.0
48,,,
49,,,
50,1,4.0,4.0
51,,4.0,4.0
52,1,4.0,4.0
53,1,5.0,5.0
54,1,5.0,4.0
55,1,4.0,4.0
56,,3.0,3.0
57,1,5.0,4.0
58,0,4.0,4.0
59,,,
60,1,5.0,4.0
61,,3.0,3.0
62,1,4.0,5.0
63,,3.0,4.0
64,1,5.0,5.0
65,1,3.0,3.0
66,1,4.0,4.0
67,1,4.0,5.0
68,1,5.0,5.0
69,1,4.0,3.0
70,,4.0,5.0
71,1,5.0,5.0
72,,4.0,4.0
73,1,5.0,5.0
74,1,3.0,4.0
75,1,3.0,3.0
76,1,3.0,3.0
77,,5.0,5.0
78,,,
79,1,5.0,4.0
80,,3.0,4.0
81,,4.0,4.0
82,,4.0,4.0
83,1,3.0,4.0
84,1,3.0,2.0
85,1,4.0,4.0
86,1,4.0,4.0
87,,4.0,4.0
88,1,4.0,5.0
89,1,4.0,5.0
90,,,
91,1,5.0,5.0
92,,5.0,4.0
93,,4.0,4.0
94,1,4.0,5.0
95,1,4.0,4.0
96,1,5.0,5.0
97,,4.0,4.0
98,1,5.0,5.0
99,1,4.0,3.0
100,1,4.0,4.0
101,1,4.0,5.0
102,0,2.0,2.0
103,0,3.0,3.0
104,1,4.0,5.0
105,1,3.0,3.0
106,1,4.0,4.0
107,,3.0,3.0
108,1,5.0,5.0
109,1,4.0,3.0
110,,4.0,4.0
111,1,3.0,3.0
112,1,4.0,4.0
113,,3.0,4.0
114,,3.0,4.0
115,,4.0,4.0
116,1,4.0,4.0
117,,3.0,4.0
118,1,4.0,4.0
119,1,3.0,3.0
120,,,
121,,5.0,4.0
122,1,3.0,3.0
123,1,4.0,3.0
124,1,3.0,4.0
125,1,4.0,4.0
126,,,
127,1,3.0,4.0
128,1,3.0,4.0
129,,4.0,4.0
130,,,
131,1,3.0,4.0
132,,4.0,4.0
133,1,4.0,4.0
134,0,3.0,3.0
135,,4.0,5.0
136,1,3.0,4.0
137,,,
138,1,3.0,4.0
139,1,3.0,4.0
140,,5.0,4.0
141,1,3.0,3.0
142,1,4.0,5.0
143,,4.0,5.0
144,,,
145,,4.0,4.0
146,,,
147,,,
148,1,3.0,3.0
149,1,4.0,4.0
150,,3.0,5.0
151,,,
152,,4.0,4.0
153,1,5.0,4.0
154,1,4.0,4.0
155,1,5.0,5.0
156,1,3.0,4.0
157,,4.0,3.0
158,1,4.0,4.0
159,1,4.0,4.0
160,1,4.0,4.0
161,1,2.0,4.0
162,1,4.0,4.0
163,,3.0,3.0
164,,4.0,4.0
165,,4.0,5.0
166,,5.0,4.0
167,,4.0,4.0
168,1,4.0,4.0
169,,5.0,5.0
170,1,3.0,4.0
171,1,4.0,4.0
172,,4.0,3.0
173,1,4.0,5.0
174,,,
175,0,4.0,4.0
176,1,3.0,4.0
177,0,3.0,3.0
178,1,4.0,4.0
179,,3.0,3.0
180,1,3.0,4.0
181,1,2.0,3.0
182,,2.0,3.0
183,1,5.0,4.0
184,,4.0,4.0
185,1,3.0,4.0
186,1,4.0,4.0
187,1,4.0,3.0
188,1,3.0,4.0
189,1,4.0,4.0
190,1,4.0,4.0
191,1,3.0,5.0
192,1,4.0,4.0
193,1,4.0,5.0
194,0,4.0,5.0
195,1,3.0,5.0
196,1,4.0,4.0
197,1,5.0,4.0
198,1,3.0,3.0
199,1,5.0,5.0
200,1,3.0,3.0
201,,4.0,4.0
202,1,4.0,4.0
203,1,3.0,3.0
204,1,4.0,4.0
205,,4.0,4.0
206,,3.0,4.0
207,1,4.0,5.0
208,1,3.0,4.0
209,1,3.0,5.0
210,1,4.0,4.0
211,1,4.0,5.0
212,,,
213,,,
214,1,3.0,4.0
215,1,4.0,4.0
216,1,3.0,4.0
217,1,4.0,3.0
218,1,4.0,4.0
219,1,4.0,4.0
220,1,2.0,3.0
221,1,4.0,5.0
222,1,5.0,3.0
223,,,
224,,4.0,5.0
225,,3.0,4.0
226,1,,
227,1,4.0,4.0
228,1,3.0,3.0
229,1,4.0,3.0
230,1,2.0,5.0
231,1,4.0,5.0
232,1,4.0,3.0
233,,,
234,1,5.0,4.0
235,1,5.0,5.0
236,,5.0,5.0
237,1,4.0,4.0
238,1,3.0,4.0
239,,4.0,5.0
240,1,5.0,5.0
241,1,4.0,3.0
242,1,4.0,5.0
243,1,3.0,4.0
244,,5.0,4.0
245,0,3.0,3.0
246,,,
247,1,5.0,4.0
248,,3.0,4.0
249,,5.0,4.0
250,1,4.0,5.0
251,1,3.0,4.0
252,,5.0,4.0
253,1,3.0,4.0
254,1,4.0,4.0
255,1,4.0,4.0
256,1,4.0,4.0
257,0,3.0,5.0
258,1,4.0,4.0
259,,,
260,1,3.0,4.0
261,,3.0,3.0
262,1,4.0,5.0
263,,,
264,1,3.0,5.0
265,1,4.0,4.0
266,,3.0,3.0
267,,,
268,1,4.0,4.0
269,,4.0,4.0
270,1,5.0,4.0
271,1,4.0,4.0
272,,,
273,,,
274,,3.0,3.0
275,,3.0,3.0
276,,,
277,1,5.0,5.0
278,,,
279,1,3.0,4.0
280,1,4.0,4.0
281,1,5.0,4.0
282,,,
283,,,
284,,4.0,5.0
285,1,4.0,4.0
286,,,
287,,3.0,4.0
288,,,
289,,,
290,1,4.0,3.0
291,1,3.0,5.0
292,1,4.0,5.0
293,,,
294,1,4.0,4.0
295,,,
296,,,
297,1,4.0,5.0
298,1,4.0,4.0
299,1,3.0,3.0
300,,,
301,0,3.0,4.0
302,,,
303,1,4.0,4.0
304,,,
305,,,
306,,,
307,,,
308,1,3.0,4.0
309,,4.0,4.0
310,1,3.0,3.0
311,,,
312,1,5.0,4.0
313,1,4.0,3.0
314,,,
315,,,
316,1,4.0,4.0
317,,,
318,1,4.0,4.0
319,,4.0,5.0
320,1,3.0,3.0
321,,,
322,1,5.0,5.0
323,,3.0,3.0
324,0,3.0,3.0
325,1,4.0,5.0
326,,,
327,0,5.0,5.0
328,,3.0,2.0
329,,,
330,,5.0,4.0
331,1,4.0,4.0
332,1,3.0,4.0
333,1,5.0,4.0
334,1,4.0,5.0
335,1,4.0,4.0
336,,,
337,,3.0,4.0
338,1,3.0,3.0
339,,4.0,4.0
340,1,5.0,4.0
341,1,4.0,4.0
342,,,
343,1,5.0,4.0
344,1,5.0,5.0
345,1,3.0,4.0
346,1,4.0,5.0
347,1,5.0,5.0
348,,,
349,1,4.0,4.0
350,,,
351,1,4.0,4.0
352,1,4.0,3.0
353,1,3.0,4.0
354,,4.0,4.0
355,1,5.0,5.0
356,1,4.0,4.0
357,,,
358,1,3.0,4.0
359,,,
360,1,4.0,4.0
361,1,3.0,4.0
362,,,
363,,4.0,5.0
364,,,
365,1,4.0,4.0
366,,,
367,1,3.0,4.0
368,,,
369,,,
370,,3.0,3.0
371,,,
372,1,4.0,4.0
373,1,4.0,4.0
374,1,4.0,5.0
375,0,1.0,1.0
376,,,
377,1,3.0,4.0
378,,,
379,,,
380,,2.0,3.0
381,,4.0,4.0
382,,,
383,1,4.0,4.0
384,,,
385,1,4.0,5.0
386,,,
387,1,3.0,4.0
388,1,3.0,4.0
389,,3.0,3.0
390,1,4.0,4.0
391,1,5.0,5.0
392,1,4.0,3.0
393,,,
394,,,
395,1,3.0,3.0
396,,3.0,4.0
397,1,2.0,3.0
398,,,
399,,,
400,,,
401,,,
402,1,3.0,4.0
403,1,3.0,3.0
404,1,4.0,4.0
405,1,4.0,4.0
406,,4.0,5.0
407,,,
408,,,
409,1,4.0,3.0
410,1,3.0,4.0
411,,4.0,2.0
412,1,4.0,5.0
413,1,4.0,5.0
414,,,
415,,4.0,4.0
416,,,
417,0,3.0,5.0
418,,3.0,4.0
419,,4.0,4.0
420,0,4.0,5.0
421,,3.0,3.0
422,1,3.0,4.0
423,1,3.0,4.0
424,,3.0,3.0
425,1,3.0,4.0
426,1,5.0,4.0
427,,5.0,5.0
428,1,5.0,5.0
429,,3.0,3.0
430,,,
431,,4.0,4.0
432,1,5.0,5.0
433,1,3.0,4.0
434,,,
435,1,5.0,4.0
436,1,3.0,4.0
437,,5.0,5.0
438,1,3.0,4.0
439,1,3.0,4.0
440,0,3.0,3.0
441,1,4.0,4.0
442,1,3.0,4.0
443,,3.0,3.0
444,,4.0,4.0
445,1,4.0,4.0
446,,3.0,2.0
447,,4.0,4.0
448,1,5.0,5.0
449,1,3.0,4.0
450,1,4.0,4.0
451,,3.0,3.0
452,1,5.0,4.0
453,1,3.0,4.0
454,,3.0,3.0
455,1,4.0,4.0
456,,4.0,5.0
457,,4.0,4.0
458,,5.0,5.0
459,,4.0,4.0
460,1,4.0,5.0
461,,5.0,5.0
462,,3.0,4.0
463,,4.0,3.0
464,,3.0,3.0
465,,1.0,2.0
466,,,
467,1,5.0,5.0
468,,,
469,,3.0,3.0
470,,,
471,0,3.0,3.0
472,1,4.0,4.0
473,0,3.0,3.0
474,1,4.0,4.0
475,1,4.0,3.0
476,1,4.0,4.0
477,,4.0,5.0
478,,3.0,4.0
479,1,4.0,5.0
480,1,4.0,4.0
481,,4.0,4.0
482,1,4.0,4.0
483,,4.0,4.0
484,1,5.0,4.0
485,,3.0,4.0
486,,4.0,4.0
487,,4.0,3.0
488,,2.0,3.0
489,,3.0,4.0
490,1,4.0,3.0
491,,3.0,3.0
492,1,3.0,3.0
493,,,
494,,4.0,4.0
495,,4.0,5.0
496,,3.0,3.0
497,,3.0,3.0
498,,4.0,4.0
499,,3.0,4.0
500,1,3.0,3.0
501,,3.0,3.0
502,,,
503,,4.0,4.0
504,,3.0,4.0
505,1,3.0,4.0
506,,4.0,4.0
507,,3.0,4.0
508,,3.0,3.0
509,,4.0,4.0
510,,3.0,3.0
511,,3.0,4.0
512,,,
513,1,3.0,4.0
514,,4.0,4.0
515,1,4.0,5.0
516,,4.0,4.0
517,,,
518,,4.0,4.0
519,,4.0,4.0
520,1,5.0,5.0
521,,2.0,3.0
522,,,
523,,,
524,,,
525,1,4.0,3.0
526,1,5.0,5.0
527,,,
528,,,
529,1,4.0,4.0
530,1,5.0,5.0
531,,,
532,,,
533,1,4.0,4.0
534,,,
535,,,
536,,3.0,4.0
537,,3.0,5.0
538,,,
539,,,
540,1,3.0,3.0
541,1,3.0,5.0
542,,,
543,,,
544,1,5.0,5.0
545,1,5.0,4.0
546,,,
547,1,3.0,3.0
548,,,
549,,,
550,1,4.0,4.0
551,,,
552,,4.0,4.0
553,,,
554,1,3.0,4.0
555,,,
556,,,
557,1,3.0,4.0
558,,3.0,3.0
559,,,
560,,5.0,5.0
561,,,
562,,,
563,,4.0,4.0
564,,,
565,0,4.0,4.0
566,,,
567,,,
568,,,
569,1,5.0,5.0
570,,,
571,1,4.0,4.0
572,,,
573,,,
574,,,
575,,,
576,,,
577,1,5.0,4.0
578,,5.0,4.0
579,,,
580,1,5.0,4.0
581,1,3.0,4.0
582,,,
583,,,
584,,,
585,1,3.0,4.0
586,,,
587,1,3.0,5.0
588,,,
589,,,
590,1,3.0,4.0
591,,4.0,4.0
592,,,
593,,,
594,,3.0,4.0
595,,,
596,1,3.0,4.0
597,,,
598,,,
599,,,
600,,,
601,,,
602,,,
603,,,
604,,2.0,3.0
605,1,4.0,3.0
606,,,
607,,,
608,1,4.0,4.0
609,,,
610,1,4.0,3.0
611,,3.0,4.0
612,,,
613,,3.0,5.0
614,,,
615,,,
616,,,
617,1,5.0,5.0
618,,,
619,1,3.0,3.0
620,,,
621,,,
622,,,
623,,,
624,,,
625,1,5.0,5.0
626,1,4.0,4.0
627,,,
628,,3.0,3.0
629,,,
630,,,
631,,,
632,,,
633,,,
634,,,
635,,,
636,,,
637,,,
638,1,3.0,3.0
639,,,
640,,,
641,1,3.0,4.0
642,,,
643,1,5.0,5.0
644,,,
645,,,
646,1,4.0,4.0
647,1,5.0,5.0
648,,,
649,,,
650,1,4.0,5.0
651,,,
652,,3.0,3.0
653,,,
654,,,
655,,,
656,1,4.0,4.0
657,,,
658,,,
659,0,5.0,4.0
660,,,
661,1,3.0,4.0
662,1,3.0,3.0
663,,,
664,,,
665,,5.0,4.0
666,1,4.0,4.0
667,,,
668,,,
669,,,
670,,,
671,,,
672,,,
673,,3.0,3.0
674,,5.0,5.0
675,,,
676,,,
677,,,
678,,,
679,,,
680,1,5.0,5.0
681,,,
682,,,
683,,,
684,,,
685,,,
686,,,
687,,,
688,,3.0,3.0
689,,,
690,,,
691,,3.0,4.0
692,,,
693,,,
694,,,
695,1,5.0,5.0
696,,,
697,1,4.0,5.0
698,,,
699,,,
700,,,
701,,,
702,,,
703,1,3.0,3.0
704,,,
705,,3.0,4.0
706,,,
707,,3.0,4.0
708,,,
709,,,
710,,,
711,0,3.0,5.0
712,,,
713,,,
714,1,4.0,4.0
715,,,
716,,,
717,,2.0,3.0
718,1,5.0,5.0
719,,,
720,1,5.0,5.0
721,,,
722,,,
723,,,
724,1,4.0,3.0
725,,,
726,,,
727,0,5.0,5.0
728,,,
729,,,
730,,5.0,5.0
731,,,
732,1,5.0,4.0
733,,,
734,1,4.0,4.0
735,,,
736,,,
737,,,
738,,,
739,,,
740,,4.0,4.0
741,1,3.0,3.0
742,,,
743,,,
744,,3.0,4.0
745,1,4.0,4.0
746,,,
747,,3.0,3.0
748,,,
749,,,
750,1,2.0,3.0
751,,,
752,1,4.0,4.0
753,,,
754,,,
755,,,
756,,,
757,,,
758,,,
759,1,3.0,3.0
760,,,
761,1,2.0,4.0
762,,,
763,1,5.0,5.0
764,,,
765,,4.0,4.0
766,,,
767,,,
768,1,5.0,4.0
769,,,
770,,,
771,,,
772,,,
773,,,
774,,3.0,4.0
775,1,5.0,5.0
776,1,5.0,4.0
777,,,
778,,,
779,,,
780,,,
781,1,4.0,5.0
782,,,
783,,,
784,,5.0,4.0
785,,,
786,,,
787,,,
788,,,
789,1,4.0,3.0
790,,,
791,,,
792,,,
793,,3.0,4.0
794,,,
795,,3.0,3.0
796,,,
797,,,
798,1,3.0,4.0
799,,,
800,,,
801,,,
802,,,
803,1,4.0,4.0
804,,,
805,,4.0,4.0
806,,,
807,1,3.0,4.0
808,,,
809,,,
810,,3.0,4.0
811,1,5.0,4.0
812,,,
813,1,4.0,5.0
814,,,
815,1,3.0,4.0
816,,,
817,1,3.0,5.0
818,,,
819,,,
820,,,
821,1,4.0,4.0
822,1,4.0,5.0
823,,,
824,1,4.0,4.0
825,,,
826,,,
827,1,4.0,4.0
828,,,
829,,4.0,4.0
830,,3.0,4.0
831,,,
832,,,
833,,5.0,5.0
834,1,4.0,4.0
835,,,
836,,,
837,,,
838,1,4.0,4.0
839,,,
840,,,
841,1,4.0,5.0
842,1,5.0,5.0
843,,3.0,3.0
844,1,4.0,5.0
845,1,4.0,4.0
846,,3.0,3.0
847,1,5.0,5.0
848,,,
849,1,4.0,4.0
850,1,3.0,3.0
851,1,3.0,4.0
852,,3.0,4.0
853,1,3.0,3.0
854,1,3.0,3.0
855,0,4.0,4.0
856,,4.0,4.0
857,1,4.0,4.0
858,1,4.0,4.0
859,1,4.0,4.0
860,1,3.0,3.0
861,,2.0,3.0
862,,3.0,3.0
863,,,
864,1,4.0,5.0
865,,3.0,3.0
866,,3.0,3.0
867,,3.0,4.0
868,1,4.0,4.0
869,,5.0,5.0
870,,4.0,3.0
871,1,2.0,5.0
872,,4.0,3.0
873,1,3.0,4.0
874,1,3.0,3.0
875,,4.0,3.0
876,1,4.0,4.0
877,,3.0,3.0
878,,3.0,3.0
879,,4.0,4.0
880,1,4.0,4.0
881,1,4.0,4.0
882,1,3.0,4.0
883,,3.0,3.0
884,,3.0,4.0
885,1,5.0,4.0
886,,4.0,5.0
887,1,3.0,4.0
888,1,3.0,4.0
889,1,3.0,3.0
890,1,3.0,3.0
891,,,
892,,,
893,1,5.0,5.0
894,0,4.0,4.0
895,1,4.0,5.0
896,1,4.0,5.0
897,1,3.0,4.0
898,1,4.0,4.0
899,1,3.0,4.0
900,1,2.0,2.0
901,1,5.0,4.0
902,1,5.0,3.0
903,1,4.0,5.0
904,1,3.0,3.0
905,,3.0,3.0
906,1,4.0,5.0
907,1,3.0,4.0
908,1,3.0,4.0
909,,3.0,4.0
910,1,5.0,5.0
911,,3.0,3.0
912,1,4.0,4.0
913,1,4.0,5.0
914,1,4.0,4.0
915,1,4.0,5.0
916,1,4.0,4.0
917,1,4.0,5.0
918,,5.0,4.0
919,1,4.0,5.0
920,1,4.0,3.0
921,1,3.0,4.0
922,,4.0,5.0
923,,5.0,5.0
924,1,3.0,4.0
925,1,4.0,4.0
926,,,
927,,4.0,3.0
928,1,4.0,4.0
929,,2.0,2.0
930,,,
931,,,
932,,,
933,,3.0,3.0
934,1,5.0,5.0
935,,4.0,4.0
936,1,4.0,4.0
937,1,2.0,3.0
938,1,3.0,4.0
939,1,4.0,4.0
940,1,4.0,5.0
941,,,
942,,,
943,1,4.0,4.0
944,,4.0,5.0
945,1,4.0,3.0
946,1,4.0,4.0
947,1,4.0,4.0
948,,4.0,3.0
949,,,
950,,,
951,1,4.0,4.0
952,1,3.0,4.0
953,1,2.0,4.0
954,1,3.0,4.0
955,1,4.0,5.0
956,1,3.0,4.0
957,,4.0,3.0
958,1,5.0,5.0
959,1,5.0,4.0
960,,2.0,3.0
961,1,3.0,4.0
962,,3.0,3.0
963,0,3.0,3.0
964,0,4.0,4.0
965,1,4.0,5.0
966,1,3.0,4.0
967,,3.0,4.0
968,,,
969,1,3.0,4.0
970,,4.0,4.0
971,,4.0,4.0
972,1,2.0,4.0
973,,4.0,4.0
974,,3.0,3.0
975,,,
976,1,4.0,3.0
977,1,5.0,3.0
978,1,3.0,4.0
979,,3.0,4.0
980,1,3.0,3.0
981,,4.0,3.0
982,1,4.0,4.0
983,,,
984,,,
985,1,3.0,4.0
986,1,4.0,4.0
987,,3.0,3.0
988,1,3.0,4.0
989,1,3.0,3.0
990,,4.0,3.0
991,,4.0,3.0
992,,,
993,,4.0,4.0
994,1,5.0,4.0
995,,3.0,4.0
996,,4.0,4.0
997,,,
998,1,3.0,4.0
999,1,3.0,3.0
1000,,,
1001,,4.0,4.0
1002,,3.0,4.0
1003,,,
1004,,,
1005,,,
1006,,,
1007,,3.0,3.0
1008,,3.0,4.0
1009,,,
1010,,,
1011,,,
1012,1,3.0,4.0
1013,1,4.0,4.0
1014,,3.0,4.0
1015,,,
1016,,3.0,3.0
1017,1,3.0,3.0
1018,,5.0,3.0
1019,,3.0,4.0
1020,1,4.0,3.0
1021,,4.0,4.0
1022,1,,
1023,,,
1024,1,,
1025,,4.0,4.0
1026,,,
1027,,,
1028,,,
1029,1,4.0,4.0
1030,,4.0,4.0
1031,1,4.0,4.0
1032,,4.0,4.0
1033,1,4.0,4.0
1034,,4.0,3.0
1035,,4.0,4.0
1036,,3.0,4.0
1037,1,4.0,5.0
1038,1,4.0,4.0
1039,,3.0,5.0
1040,,3.0,5.0
1041,,5.0,4.0
1042,,,
1043,,,
1044,,4.0,4.0
1045,0,4.0,4.0
1046,,4.0,4.0
1047,1,3.0,3.0
1048,1,5.0,5.0
1049,1,4.0,4.0
1050,1,4.0,3.0
1051,1,4.0,3.0
1052,,3.0,4.0
1053,,4.0,3.0
1054,1,4.0,5.0
1055,1,3.0,4.0
1056,,,
1057,0,3.0,4.0
1058,,3.0,3.0
1059,,4.0,5.0
1060,1,2.0,2.0
1061,1,4.0,5.0
1062,1,5.0,5.0
1063,,5.0,5.0
1064,,4.0,4.0
1065,1,3.0,4.0
1066,1,5.0,4.0
1067,1,3.0,5.0
1068,,,
1069,,,
1070,,5.0,5.0
1071,1,2.0,3.0
1072,0,3.0,3.0
1073,,4.0,3.0
1074,1,3.0,4.0
1075,,,
1076,1,4.0,4.0
1077,,4.0,4.0
1078,1,5.0,4.0
1079,1,4.0,5.0
1080,1,5.0,5.0
1081,,4.0,5.0
1082,1,5.0,5.0
1083,,4.0,4.0
1084,1,4.0,4.0
1085,,,
1086,1,5.0,5.0
1087,,4.0,4.0
1088,,5.0,4.0
1089,1,4.0,5.0
1090,,3.0,4.0
1091,,4.0,3.0
1092,1,4.0,5.0
1093,,5.0,5.0
1094,,3.0,4.0
1095,,,
1096,,5.0,5.0
1097,1,4.0,4.0
1098,,3.0,5.0
1099,1,4.0,4.0
1100,,5.0,4.0
1101,1,4.0,5.0
1102,,3.0,3.0
1103,1,4.0,5.0
1104,1,5.0,5.0
1105,0,3.0,5.0
1106,1,5.0,5.0
1107,,4.0,4.0
1108,1,5.0,5.0
1109,1,5.0,5.0
1110,,,
1111,,4.0,3.0
1112,,4.0,4.0
1113,1,4.0,4.0
1114,,,
1115,,4.0,5.0
1116,1,3.0,4.0
1117,1,5.0,5.0
1118,1,4.0,5.0
1119,1,4.0,3.0
1120,1,3.0,4.0
1121,,5.0,5.0
1122,,,
1123,,,
1124,1,4.0,4.0
1125,1,4.0,4.0
1126,1,5.0,5.0
1127,1,3.0,3.0
1128,1,3.0,3.0
1129,,3.0,3.0
1130,0,3.0,3.0
1131,1,2.0,3.0
1132,,3.0,3.0
1133,,,
1134,1,4.0,4.0
1135,1,4.0,3.0
1136,1,3.0,4.0
1137,1,3.0,4.0
1138,1,5.0,4.0
1139,1,4.0,5.0
1140,1,5.0,5.0
1141,1,3.0,5.0
1142,,3.0,4.0
1143,,4.0,5.0
1144,,3.0,3.0
1145,1,4.0,5.0
1146,1,3.0,4.0
1147,,4.0,5.0
1148,,4.0,4.0
1149,1,5.0,5.0
1150,,,
1151,,,
1152,,3.0,4.0
1153,1,4.0,5.0
1154,1,4.0,5.0
1155,1,3.0,4.0
1156,1,5.0,5.0
1157,1,3.0,4.0
1158,,4.0,4.0
1159,1,3.0,4.0
1160,1,5.0,5.0
1161,,3.0,4.0
1162,,,
1163,1,4.0,5.0
1164,1,5.0,4.0
1165,1,4.0,4.0
1166,,,
1167,,5.0,4.0
1168,1,4.0,4.0
1169,1,4.0,4.0
1170,1,3.0,4.0
1171,1,3.0,4.0
1172,1,4.0,3.0
1173,0,3.0,3.0
1174,,,
1175,1,,
1176,1,4.0,4.0
1177,1,4.0,4.0
1178,1,5.0,4.0
1179,1,4.0,5.0
1180,,3.0,4.0
1181,,3.0,3.0
1182,1,3.0,4.0
1183,1,3.0,4.0
1184,1,3.0,3.0
1185,1,3.0,3.0
1186,1,3.0,2.0
1187,,3.0,2.0
1188,1,4.0,4.0
1189,,4.0,3.0
1190,,3.0,3.0
1191,1,2.0,3.0
1192,1,3.0,3.0
1193,,4.0,4.0
1194,1,4.0,4.0
1195,1,3.0,3.0
1196,1,4.0,4.0
1197,1,4.0,5.0
1198,,3.0,4.0
1199,0,4.0,4.0
1200,1,3.0,3.0
1201,,4.0,5.0
1202,1,3.0,2.0
1203,1,4.0,5.0
1204,,3.0,2.0
1205,,3.0,4.0
1206,,4.0,4.0
1207,,3.0,3.0
1208,1,3.0,3.0
1209,1,4.0,4.0
1210,1,2.0,3.0
1211,1,3.0,5.0
1212,,3.0,3.0
1213,1,3.0,4.0
1214,1,3.0,4.0
1215,1,4.0,4.0
1216,1,5.0,4.0
1217,1,5.0,5.0
1218,,4.0,4.0
1219,,3.0,3.0
1220,,4.0,3.0
1221,,,
1222,,3.0,4.0
1223,1,3.0,4.0
1224,1,3.0,4.0
1225,,1.0,2.0
1226,0,2.0,3.0
1227,,4.0,4.0
1228,,4.0,4.0
1229,1,3.0,3.0
1230,1,3.0,2.0
1231,,4.0,3.0
1232,,3.0,4.0
1233,0,4.0,4.0
1234,1,3.0,3.0
1235,1,3.0,4.0
1236,,2.0,5.0
1237,1,3.0,3.0
1238,1,2.0,4.0
1239,,4.0,5.0
1240,1,5.0,5.0
1241,1,4.0,3.0
1242,1,3.0,4.0
1243,,3.0,4.0
1244,,3.0,2.0
1245,1,3.0,4.0
1246,0,2.0,3.0
1247,1,4.0,4.0
1248,1,3.0,4.0
1249,,3.0,4.0
1250,1,5.0,5.0
1251,,3.0,4.0
1252,0,3.0,4.0
1253,,4.0,5.0
1254,,5.0,5.0
1255,1,3.0,5.0
1256,,4.0,5.0
1257,1,5.0,4.0
1258,,5.0,4.0
1259,,4.0,4.0
1260,1,3.0,3.0
1261,1,4.0,4.0
1262,1,2.0,3.0
1263,,4.0,4.0
1264,0,3.0,3.0
1265,1,4.0,4.0
1266,1,4.0,4.0
1267,1,4.0,5.0
1268,,3.0,3.0
1269,,3.0,3.0
1270,1,4.0,5.0
1271,,3.0,4.0
1272,,3.0,3.0
1273,,5.0,4.0
1274,1,3.0,3.0
1275,,4.0,4.0
1276,,3.0,2.0
1277,,3.0,4.0
1278,1,4.0,4.0
1279,1,4.0,4.0
1280,1,4.0,5.0
1281,1,4.0,5.0
1282,1,3.0,5.0
1283,,3.0,3.0
1284,1,2.0,2.0
1285,,4.0,5.0
1286,,3.0,3.0
1287,1,4.0,4.0
1288,,3.0,3.0
1289,1,4.0,4.0
1290,1,2.0,3.0
1291,,,
1292,1,5.0,5.0
1293,1,3.0,3.0
1294,,3.0,4.0
1295,,3.0,3.0
1296,1,4.0,3.0
1297,,3.0,4.0
1298,,4.0,4.0
1299,1,4.0,4.0
1300,,4.0,4.0
1301,,4.0,3.0
1302,,4.0,3.0
1303,1,3.0,4.0
1304,1,3.0,5.0
1305,1,4.0,4.0
1306,1,4.0,4.0
1307,1,5.0,4.0
1308,,3.0,3.0
1309,,3.0,4.0
1310,1,3.0,3.0
1311,1,3.0,4.0
1312,1,3.0,3.0
1313,1,4.0,3.0
1314,1,3.0,3.0
1315,1,4.0,5.0
1316,,4.0,2.0
1317,1,4.0,3.0
1318,1,4.0,4.0
1319,,4.0,3.0
1320,,3.0,5.0
1321,1,4.0,4.0
1322,,4.0,5.0
1323,1,4.0,4.0
1324,1,3.0,4.0
1325,,4.0,4.0
1326,,4.0,3.0
1327,,3.0,4.0
1328,1,4.0,4.0
1329,,4.0,4.0
1330,1,3.0,5.0
1331,,4.0,5.0
1332,1,5.0,5.0
1333,,4.0,5.0
1334,0,3.0,4.0
1335,1,4.0,4.0
1336,1,3.0,3.0
1337,,3.0,4.0
1338,,,
1339,1,3.0,3.0
1340,,,
1341,,,
1342,1,2.0,4.0
1343,,5.0,4.0
1344,1,3.0,4.0
1345,0,3.0,3.0
1346,1,2.0,3.0
1347,,,
1348,1,4.0,4.0
1349,1,4.0,5.0
1350,1,4.0,5.0
1351,,4.0,4.0
1352,1,3.0,4.0
1353,,4.0,4.0
1354,1,5.0,4.0
1355,1,4.0,5.0
1356,,,
1357,,,
1358,,4.0,5.0
1359,1,4.0,4.0
1360,,4.0,3.0
1361,,3.0,4.0
1362,1,3.0,3.0
1363,1,3.0,3.0
1364,1,3.0,4.0
1365,1,4.0,5.0
1366,1,3.0,4.0
1367,,4.0,4.0
1368,1,3.0,5.0
1369,1,5.0,5.0
1370,1,3.0,3.0
1371,,4.0,4.0
1372,1,3.0,4.0
1373,1,5.0,4.0
1374,1,3.0,4.0
1375,,,
1376,1,5.0,4.0
1377,1,4.0,4.0
1378,1,5.0,5.0
1379,1,4.0,4.0
1380,1,4.0,5.0
1381,,5.0,4.0
1382,1,4.0,4.0
1383,1,3.0,5.0
1384,1,3.0,4.0
1385,1,5.0,4.0
1386,1,4.0,5.0
1387,,,
1388,1,3.0,5.0
1389,1,3.0,5.0
1390,,,
1391,1,3.0,3.0
1392,1,3.0,4.0
1393,1,4.0,5.0
1394,1,4.0,5.0
1395,1,4.0,4.0
1396,1,4.0,4.0
1397,1,4.0,4.0
1398,1,4.0,4.0
1399,,4.0,4.0
1400,1,5.0,5.0
1401,,4.0,5.0
1402,1,3.0,4.0
1403,1,3.0,3.0
1404,1,3.0,4.0
1405,1,3.0,4.0
1406,1,4.0,4.0
1407,1,3.0,4.0
1408,,4.0,3.0
1409,1,4.0,4.0
1410,1,4.0,4.0
1411,1,5.0,5.0
1412,1,4.0,4.0
1413,1,4.0,3.0
1414,1,4.0,4.0
1415,,3.0,3.0
1416,1,5.0,5.0
1417,1,4.0,5.0
1418,1,4.0,4.0
1419,1,4.0,4.0
1420,1,3.0,4.0
1421,1,3.0,5.0
1422,1,3.0,3.0
1423,1,5.0,5.0
1424,1,4.0,4.0
1425,1,4.0,4.0
1426,1,5.0,5.0
1427,1,5.0,4.0
1428,1,2.0,3.0
1429,1,3.0,4.0
1430,,3.0,3.0
1431,,4.0,3.0
1432,1,3.0,4.0
1433,1,4.0,4.0
1434,1,3.0,4.0
1435,,4.0,5.0
1436,,4.0,5.0
1437,,1.0,4.0
1438,,3.0,4.0
1439,1,3.0,4.0
1440,1,4.0,4.0
1441,1,4.0,4.0
1442,1,4.0,4.0
1443,1,4.0,3.0
1444,,5.0,5.0
1445,1,4.0,5.0
1446,1,4.0,4.0
1447,1,3.0,4.0
1448,,,
1449,,,
1450,,,
1451,,,
1452,,,
1453,1,4.0,4.0
1454,1,4.0,5.0
1455,1,5.0,4.0
1456,,3.0,3.0
1457,1,4.0,4.0
1458,,,
1459,1,4.0,4.0
1460,1,5.0,5.0
1461,,4.0,4.0
1462,1,3.0,3.0
1463,1,3.0,4.0
1464,,4.0,4.0
1465,,5.0,5.0
1466,,,
1467,,,
1468,1,3.0,3.0
1469,,2.0,4.0
1470,,3.0,3.0
1471,1,4.0,4.0
1472,,4.0,5.0
1473,,2.0,3.0
1474,1,3.0,5.0
1475,0,4.0,4.0
1476,1,3.0,3.0
1477,,,
1478,,3.0,2.0
1479,1,4.0,3.0
1480,,,
1481,,,
1482,1,5.0,4.0
1483,1,3.0,4.0
1484,,,
1485,,,
1486,1,4.0,5.0
1487,,,
1488,1,3.0,4.0
1489,,,
1490,1,4.0,4.0
1491,,,
1492,,4.0,4.0
1493,1,4.0,4.0
1494,,3.0,5.0
1495,0,5.0,5.0
1496,,3.0,4.0
1497,,,
1498,0,3.0,3.0
1499,,,
1500,,,
1501,,,
1502,,,
1503,1,3.0,3.0
1504,1,4.0,5.0
1505,1,3.0,4.0
1506,,,
1507,,,
1508,,,
1509,,4.0,4.0
1510,,,
1511,,,
1512,,4.0,4.0
1513,0,5.0,5.0
1514,1,4.0,4.0
1515,,4.0,3.0
1516,,,
1517,,3.0,3.0
1518,1,3.0,3.0
1519,1,3.0,4.0
1520,,,
1521,,2.0,3.0
1522,1,4.0,4.0
1523,1,4.0,5.0
1524,,5.0,5.0
1525,,4.0,5.0
1526,0,4.0,2.0
1527,1,4.0,4.0
1528,,5.0,3.0
1529,,4.0,4.0
1530,,3.0,3.0
1531,1,4.0,4.0
1532,0,4.0,4.0
1533,0,3.0,3.0
1534,,,
1535,0,5.0,5.0
1536,1,3.0,4.0
1537,,3.0,3.0
1538,,4.0,4.0
1539,,3.0,3.0
1540,,5.0,5.0
1541,,3.0,3.0
1542,1,3.0,4.0
1543,1,3.0,3.0
1544,,4.0,4.0
1545,,5.0,5.0
1546,1,4.0,4.0
1547,,5.0,4.0
1548,,,
1549,1,5.0,5.0
1550,,4.0,3.0
1551,0,4.0,5.0
1552,1,4.0,3.0
1553,,,
1554,,,
1555,,,
1556,,,
1557,,,
1558,,4.0,4.0
1559,0,4.0,3.0
1560,1,5.0,5.0
1561,,,
1562,,5.0,4.0
1563,1,3.0,4.0
1564,,,
1565,,3.0,3.0
1566,,,
1567,,,
1568,,,
1569,,,
1570,1,4.0,3.0
1571,,,3.0
1572,1,4.0,4.0
1573,1,4.0,4.0
1574,,,
1575,,3.0,3.0
1576,1,5.0,5.0
1577,1,5.0,5.0
1578,,4.0,4.0
1579,,5.0,4.0
1580,1,5.0,4.0
1581,,3.0,3.0
1582,,,
1583,1,4.0,5.0
1584,1,4.0,5.0
1585,,,
1586,0,3.0,3.0
1587,1,4.0,4.0
1588,1,5.0,4.0
1589,1,3.0,4.0
1590,1,4.0,4.0
1591,1,4.0,5.0
1592,1,4.0,5.0
1593,0,3.0,3.0
1594,1,4.0,4.0
1595,,5.0,5.0
1596,1,4.0,3.0
1597,0,3.0,4.0
1598,1,3.0,3.0
1599,,5.0,4.0
1600,1,4.0,5.0
1601,1,4.0,3.0
1602,1,3.0,5.0
1603,1,4.0,5.0
1604,1,5.0,4.0
1605,1,4.0,4.0
1606,1,5.0,5.0
1607,1,,4.0
1608,1,5.0,4.0
1609,,3.0,4.0
1610,,4.0,4.0
1611,1,4.0,4.0
1612,1,3.0,2.0
1613,1,5.0,5.0
1614,1,3.0,4.0
1615,,,
1616,1,5.0,4.0
1617,1,4.0,4.0
1618,,4.0,4.0
1619,1,5.0,4.0
1620,1,4.0,3.0
1621,,4.0,3.0
1622,1,5.0,3.0
1623,1,5.0,5.0
1624,1,3.0,4.0
1625,,,
1626,1,4.0,4.0
1627,1,4.0,4.0
1628,,,
1629,1,4.0,4.0
1630,1,5.0,4.0
1631,1,4.0,5.0
1632,1,5.0,4.0
1633,1,5.0,5.0
1634,1,4.0,5.0
1635,0,4.0,4.0
1636,1,5.0,5.0
1637,1,4.0,5.0
1638,,,
1639,,3.0,4.0
1640,,3.0,4.0
1641,1,3.0,5.0
1642,1,2.0,2.0
1643,1,4.0,4.0
1644,1,3.0,3.0
1645,,3.0,4.0
1646,1,3.0,3.0
1647,1,4.0,5.0
1648,1,3.0,4.0
1649,,3.0,4.0
1650,1,3.0,3.0
1651,1,5.0,3.0
1652,,5.0,4.0
1653,1,3.0,4.0
1654,1,3.0,4.0
1655,,3.0,3.0
1656,1,3.0,4.0
1657,1,3.0,3.0
1658,1,3.0,3.0
1659,1,3.0,4.0
1660,1,4.0,5.0
1661,1,4.0,5.0
1662,,5.0,5.0
1663,1,3.0,3.0
1664,1,3.0,3.0
1665,0,5.0,4.0
1666,1,4.0,4.0
1667,1,2.0,3.0
1668,,3.0,3.0
1669,0,3.0,3.0
1670,1,5.0,5.0
1671,1,5.0,4.0
1672,1,3.0,3.0
1673,1,3.0,3.0
1674,1,4.0,3.0
1675,1,5.0,5.0
1676,1,5.0,4.0
1677,1,2.0,5.0
1678,1,3.0,4.0
1679,1,3.0,3.0
1680,1,5.0,4.0
1681,1,4.0,4.0
1682,1,4.0,3.0
1683,1,3.0,4.0
1684,1,5.0,4.0
1685,1,4.0,4.0
1686,1,4.0,4.0
1687,1,4.0,4.0
1688,1,5.0,4.0
1689,1,3.0,4.0
1690,0,4.0,4.0
1691,0,4.0,4.0
1692,1,4.0,5.0
1693,1,4.0,4.0
1694,,3.0,4.0
1695,,3.0,3.0
1696,,5.0,4.0
1697,1,3.0,4.0
1698,1,3.0,4.0
1699,1,3.0,4.0
1700,,3.0,3.0
1701,1,5.0,5.0
1702,1,5.0,4.0
1703,1,3.0,5.0
1704,,4.0,3.0
1705,,4.0,4.0
1706,1,3.0,5.0
1707,1,4.0,5.0
1708,1,4.0,4.0
1709,1,3.0,4.0
1710,1,5.0,5.0
1711,1,3.0,5.0
1712,,3.0,3.0
1713,1,4.0,4.0
1714,1,5.0,5.0
1715,,3.0,3.0
1716,1,5.0,5.0
1717,,4.0,4.0
1718,1,4.0,5.0
1719,1,3.0,4.0
1720,1,4.0,3.0
1721,1,3.0,3.0
1722,,2.0,3.0
1723,,3.0,4.0
1724,1,3.0,3.0
1725,1,4.0,4.0
1726,1,5.0,5.0
1727,1,4.0,4.0
1728,1,3.0,3.0
1729,1,5.0,5.0
1730,0,4.0,5.0
1731,0,4.0,4.0
1732,1,3.0,4.0
1733,1,3.0,3.0
1734,1,3.0,4.0
1735,,4.0,3.0
1736,1,2.0,4.0
1737,1,4.0,4.0
1738,1,3.0,4.0
1739,1,4.0,4.0
1740,,3.0,4.0
1741,1,3.0,4.0
1742,1,3.0,4.0
1743,1,3.0,4.0
1744,,3.0,3.0
1745,1,4.0,2.0
1746,,3.0,3.0
1747,1,3.0,2.0
1748,,3.0,5.0
1749,,4.0,3.0
1750,,3.0,4.0
1751,,,
1752,,,
1753,,,
1754,1,3.0,3.0
1755,,4.0,4.0
1756,,3.0,4.0
1757,,3.0,3.0
1758,,3.0,4.0
1759,1,3.0,4.0
1760,,4.0,4.0
1761,,4.0,4.0
1762,,4.0,4.0
1763,1,3.0,4.0
1764,1,4.0,4.0
1765,1,4.0,3.0
1766,,3.0,3.0
1767,1,3.0,4.0
1768,,3.0,4.0
1769,,3.0,3.0
1770,1,4.0,4.0
1771,1,4.0,4.0
1772,,4.0,3.0
1773,,3.0,4.0
1774,1,4.0,4.0
1775,,3.0,3.0
1776,,3.0,4.0
1777,,4.0,4.0
1778,1,4.0,5.0
1779,1,4.0,3.0
1780,1,4.0,4.0
1781,1,4.0,4.0
1782,,4.0,3.0
1783,1,3.0,3.0
1784,1,5.0,4.0
1785,,,
1786,,,
1787,,3.0,4.0
1788,,4.0,4.0
1789,1,3.0,3.0
1790,,3.0,3.0
1791,,,
1792,1,3.0,3.0
1793,,3.0,5.0
1794,1,3.0,4.0
1795,,,
1796,1,4.0,5.0
1797,,4.0,4.0
1798,1,3.0,4.0
1799,1,3.0,3.0
1800,,,
1801,1,4.0,5.0
1802,1,4.0,4.0
1803,1,4.0,4.0
1804,1,4.0,4.0
1805,1,3.0,5.0
1806,1,4.0,4.0
1807,1,4.0,5.0
1808,1,4.0,4.0
1809,1,4.0,4.0
1810,,,
1811,,,
1812,,4.0,4.0
1813,1,3.0,3.0
1814,1,3.0,3.0
1815,,4.0,4.0
1816,,3.0,3.0
1817,1,4.0,5.0
1818,,4.0,4.0
1819,,3.0,4.0
1820,1,3.0,3.0
1821,1,3.0,4.0
1822,1,3.0,3.0
1823,,4.0,4.0
1824,1,3.0,4.0
1825,,3.0,4.0
1826,1,4.0,4.0
1827,,3.0,3.0
1828,1,3.0,3.0
1829,,3.0,3.0
1830,1,4.0,5.0
1831,1,3.0,3.0
1832,,3.0,4.0
1833,,3.0,4.0
1834,,4.0,5.0
1835,,3.0,4.0
1836,,3.0,4.0
1837,1,4.0,4.0
1838,,4.0,4.0
1839,,,
1840,,3.0,4.0
1841,,4.0,4.0
1842,,4.0,4.0
1843,1,4.0,4.0
1844,,4.0,4.0
1845,,3.0,3.0
1846,1,3.0,4.0
1847,,3.0,3.0
1848,0,5.0,4.0
1849,,3.0,4.0
1850,,3.0,4.0
1851,1,3.0,4.0
1852,1,4.0,4.0
1853,1,4.0,4.0
1854,,4.0,4.0
1855,1,3.0,3.0
1856,,3.0,4.0
1857,,2.0,2.0
1858,,3.0,4.0
1859,1,4.0,4.0
1860,1,3.0,3.0
1861,1,3.0,4.0
1862,1,3.0,3.0
1863,,4.0,4.0
1864,1,4.0,4.0
1865,,3.0,3.0
1866,1,3.0,3.0
1867,1,3.0,4.0
1868,,4.0,4.0
1869,,4.0,5.0
1870,1,4.0,4.0
1871,,3.0,3.0
1872,,3.0,3.0
1873,1,3.0,4.0
1874,1,5.0,5.0
1875,1,3.0,5.0
1876,1,3.0,4.0
1877,1,5.0,5.0
1878,1,4.0,3.0
1879,1,3.0,4.0
1880,1,4.0,3.0
1881,1,3.0,3.0
1882,1,4.0,4.0
1883,0,3.0,2.0
1884,1,2.0,3.0
1885,1,3.0,4.0
1886,,4.0,3.0
1887,,3.0,3.0
1888,,3.0,4.0
1889,,3.0,5.0
1890,1,4.0,4.0
1891,1,3.0,3.0
1892,,3.0,3.0
1893,1,3.0,4.0
1894,,3.0,3.0
1895,1,4.0,5.0
1896,,,
1897,,4.0,4.0
1898,1,4.0,4.0
1899,,,
1900,1,4.0,4.0
1901,,4.0,4.0
1902,,3.0,4.0
1903,1,5.0,5.0
1904,,3.0,4.0
1905,1,4.0,4.0
1906,1,4.0,5.0
1907,1,3.0,4.0
1908,,4.0,3.0
1909,,4.0,3.0
1910,,4.0,4.0
1911,1,3.0,4.0
1912,1,4.0,4.0
1913,1,4.0,4.0
1914,0,2.0,3.0
1915,,5.0,4.0
1916,1,3.0,3.0
1917,1,4.0,4.0
1918,,4.0,3.0
1919,,3.0,4.0
1920,1,4.0,4.0
1921,,4.0,4.0
1922,0,4.0,4.0
1923,1,4.0,4.0
1924,1,3.0,4.0
1925,1,3.0,3.0
1926,,5.0,5.0
1927,,4.0,3.0
1928,,,
1929,1,4.0,5.0
1930,,,
1931,1,4.0,4.0
1932,1,4.0,4.0
1933,1,3.0,3.0
1934,1,4.0,4.0
1935,1,5.0,5.0
1936,1,3.0,4.0
1937,,3.0,3.0
1938,,4.0,3.0
1939,,4.0,4.0
1940,1,4.0,4.0
1941,1,3.0,4.0
1942,1,3.0,4.0
1943,1,3.0,4.0
1944,1,3.0,4.0
1945,,,
1946,,,
1947,,4.0,5.0
1948,,3.0,3.0
1949,,,
1950,,3.0,5.0
1951,,5.0,5.0
1952,,,
1953,1,3.0,5.0
1954,,,
1955,1,3.0,4.0
1956,1,3.0,3.0
1957,1,4.0,3.0
1958,,4.0,4.0
1959,,3.0,4.0
1960,1,3.0,4.0
1961,,,
1962,1,4.0,4.0
1963,1,4.0,4.0
1964,,4.0,5.0
1965,,4.0,3.0
1966,1,4.0,4.0
1967,1,4.0,4.0
1968,1,3.0,3.0
1969,,3.0,4.0
1970,1,3.0,4.0
1971,1,4.0,4.0
1972,1,4.0,4.0
1973,1,3.0,2.0
1974,1,4.0,4.0
1975,,,
1976,,4.0,3.0
1977,1,3.0,3.0
1978,1,3.0,4.0
1979,,,
1980,1,3.0,3.0
1981,,,
1982,1,3.0,5.0
1983,,3.0,3.0
1984,1,4.0,5.0
1985,1,4.0,3.0
1986,1,3.0,4.0
1987,,3.0,5.0
1988,,,
1989,,,
1990,,4.0,4.0
1991,1,4.0,4.0
1992,1,5.0,5.0
1993,,,
1994,,3.0,4.0
1995,1,4.0,4.0
1996,1,3.0,3.0
1997,,4.0,5.0
1998,1,5.0,5.0
1999,1,5.0,5.0
2000,1,3.0,4.0
2001,,2.0,2.0
2002,1,5.0,5.0
2003,1,5.0,4.0
2004,,,
2005,0,3.0,3.0
2006,,4.0,4.0
2007,,4.0,5.0
2008,,3.0,4.0
2009,,3.0,3.0
2010,0,4.0,4.0
2011,1,4.0,4.0
2012,1,3.0,4.0
2013,1,3.0,3.0
2014,,3.0,4.0
2015,,,
2016,1,3.0,4.0
2017,1,3.0,3.0
2018,0,4.0,3.0
2019,1,3.0,4.0
2020,1,4.0,4.0
2021,1,3.0,3.0
2022,1,4.0,4.0
2023,1,4.0,3.0
2024,1,2.0,3.0
2025,,4.0,4.0
2026,,,
2027,1,4.0,4.0
2028,,2.0,5.0
2029,1,3.0,3.0
2030,1,2.0,3.0
2031,,,
2032,1,4.0,5.0
2033,,4.0,4.0
2034,1,4.0,4.0
2035,,5.0,4.0
2036,,3.0,4.0
2037,,,
2038,1,3.0,4.0
2039,1,4.0,5.0
2040,1,4.0,4.0
2041,,3.0,4.0
2042,1,3.0,3.0
2043,,3.0,4.0
2044,,4.0,2.0
2045,1,4.0,4.0
2046,1,4.0,4.0
2047,,3.0,3.0
2048,,,
2049,1,3.0,3.0
2050,1,5.0,5.0
2051,1,4.0,5.0
2052,,,
2053,,3.0,3.0
2054,1,5.0,5.0
2055,1,3.0,4.0
2056,1,5.0,5.0
2057,,,
2058,,4.0,4.0
2059,,,
2060,1,4.0,5.0
2061,1,3.0,5.0
2062,1,4.0,4.0
2063,1,5.0,3.0
2064,0,4.0,3.0
2065,1,4.0,3.0
2066,1,3.0,5.0
2067,,,
2068,,4.0,5.0
2069,1,4.0,4.0
2070,1,5.0,4.0
2071,1,4.0,4.0
2072,1,4.0,4.0
2073,,3.0,5.0
2074,,4.0,5.0
2075,1,5.0,4.0
2076,1,4.0,4.0
2077,1,4.0,4.0
2078,1,3.0,3.0
2079,1,4.0,4.0
2080,1,4.0,4.0
2081,,4.0,3.0
2082,,,
2083,,,
2084,1,3.0,4.0
2085,,5.0,4.0
2086,1,3.0,3.0
2087,,,
2088,1,3.0,3.0
2089,1,4.0,4.0
2090,,4.0,3.0
2091,,4.0,4.0
2092,1,4.0,3.0
2093,,4.0,4.0
2094,1,4.0,4.0
2095,1,4.0,5.0
2096,1,5.0,4.0
2097,1,5.0,5.0
2098,,,
2099,,5.0,4.0
2100,1,5.0,4.0
2101,,,
2102,,,
2103,1,4.0,5.0
2104,,4.0,5.0
2105,,3.0,3.0
2106,1,5.0,5.0
2107,1,5.0,5.0
2108,,4.0,3.0
2109,1,3.0,4.0
2110,1,4.0,4.0
2111,0,4.0,4.0
2112,1,4.0,5.0
2113,1,4.0,4.0
2114,,3.0,2.0
2115,,4.0,5.0
2116,,4.0,5.0
2117,1,3.0,4.0
2118,1,5.0,5.0
2119,1,5.0,4.0
2120,1,4.0,3.0
2121,1,3.0,4.0
2122,1,5.0,5.0
2123,1,5.0,4.0
2124,,,
2125,1,3.0,5.0
2126,1,2.0,3.0
2127,1,3.0,4.0
2128,1,3.0,4.0
2129,1,4.0,5.0
2130,1,4.0,4.0
2131,1,2.0,2.0
2132,1,3.0,5.0
2133,,,
2134,,3.0,3.0
2135,1,3.0,3.0
2136,,3.0,4.0
2137,1,4.0,3.0
2138,,4.0,5.0
2139,1,5.0,3.0
2140,1,3.0,4.0
2141,1,4.0,4.0
2142,1,3.0,4.0
2143,1,3.0,3.0
2144,,,
2145,1,4.0,3.0
2146,1,5.0,5.0
2147,1,4.0,4.0
2148,,4.0,3.0
2149,1,3.0,4.0
2150,,4.0,4.0
2151,1,4.0,4.0
2152,,3.0,3.0
2153,1,5.0,4.0
2154,,3.0,4.0
2155,,4.0,4.0
2156,1,4.0,4.0
2157,,4.0,4.0
2158,1,3.0,3.0
2159,,4.0,2.0
2160,1,3.0,3.0
2161,,3.0,3.0
2162,,3.0,4.0
2163,1,3.0,3.0
2164,,3.0,3.0
2165,1,4.0,4.0
2166,1,2.0,5.0
2167,1,3.0,5.0
2168,,4.0,4.0
2169,,4.0,4.0
2170,1,5.0,4.0
2171,,4.0,4.0
2172,1,3.0,3.0
2173,1,3.0,3.0
2174,,4.0,4.0
2175,1,5.0,5.0
2176,1,4.0,4.0
2177,1,3.0,4.0
2178,,3.0,3.0
2179,1,3.0,4.0
2180,1,4.0,4.0
2181,,3.0,3.0
2182,1,4.0,4.0
2183,1,4.0,4.0
2184,1,3.0,4.0
2185,,4.0,4.0
2186,1,3.0,4.0
2187,1,5.0,5.0
2188,,,
2189,,3.0,4.0
2190,,5.0,5.0
2191,,3.0,3.0
2192,,3.0,3.0
2193,1,4.0,4.0
2194,,4.0,2.0
2195,1,4.0,4.0
2196,1,2.0,3.0
2197,1,4.0,4.0
2198,1,4.0,4.0
2199,1,4.0,4.0
2200,1,4.0,4.0
2201,,3.0,5.0
2202,1,5.0,4.0
2203,1,3.0,4.0
2204,,3.0,4.0
2205,1,5.0,4.0
2206,,,
2207,1,3.0,4.0
2208,1,4.0,4.0
2209,1,3.0,3.0
2210,1,4.0,4.0
2211,,3.0,3.0
2212,1,5.0,4.0
2213,1,4.0,3.0
2214,,3.0,4.0
2215,,3.0,3.0
2216,1,4.0,5.0
2217,1,4.0,4.0
2218,1,4.0,4.0
2219,1,3.0,4.0
2220,1,3.0,3.0
2221,1,5.0,5.0
2222,,4.0,4.0
2223,1,3.0,3.0
2224,1,,
2225,,3.0,3.0
2226,1,3.0,4.0
2227,1,3.0,4.0
2228,1,3.0,4.0
2229,1,3.0,3.0
2230,,,
2231,1,3.0,5.0
2232,1,5.0,5.0
2233,,5.0,5.0
2234,1,3.0,3.0
2235,1,5.0,5.0
2236,,5.0,3.0
2237,0,3.0,4.0
2238,1,3.0,3.0
2239,,3.0,4.0
2240,1,3.0,4.0
2241,,4.0,5.0
2242,1,4.0,3.0
2243,1,3.0,4.0
2244,,4.0,4.0
2245,0,3.0,4.0
2246,1,4.0,3.0
2247,,3.0,4.0
2248,1,4.0,5.0
2249,1,3.0,3.0
2250,1,4.0,5.0
2251,,3.0,3.0
2252,,3.0,3.0
2253,1,3.0,3.0
2254,,3.0,4.0
2255,1,4.0,4.0
2256,1,5.0,5.0
2257,,,
2258,1,5.0,5.0
2259,,4.0,5.0
2260,,3.0,3.0
2261,1,4.0,4.0
2262,,3.0,3.0
2263,,,
2264,1,5.0,4.0
2265,,,
2266,1,3.0,4.0
2267,,4.0,5.0
2268,1,3.0,3.0
2269,1,4.0,5.0
2270,,3.0,4.0
2271,1,4.0,5.0
2272,1,3.0,3.0
2273,1,4.0,4.0
2274,1,4.0,4.0
2275,1,4.0,4.0
2276,1,3.0,4.0
2277,,3.0,4.0
2278,,,
2279,,3.0,3.0
2280,,4.0,4.0
2281,,,
2282,1,4.0,3.0
2283,1,4.0,4.0
2284,,,
2285,,4.0,4.0
2286,1,3.0,4.0
2287,,3.0,2.0
2288,,3.0,5.0
2289,1,4.0,4.0
2290,1,3.0,5.0
2291,1,3.0,3.0
2292,1,4.0,4.0
2293,1,5.0,4.0
2294,1,3.0,3.0
2295,0,4.0,5.0
2296,,4.0,4.0
2297,1,3.0,4.0
2298,1,4.0,5.0
2299,,5.0,5.0
2300,,5.0,4.0
2301,,3.0,3.0
2302,,4.0,4.0
2303,,5.0,4.0
2304,0,3.0,5.0
2305,1,4.0,4.0
2306,,3.0,3.0
2307,,3.0,3.0
2308,,3.0,3.0
2309,1,5.0,5.0
2310,,4.0,4.0
2311,1,3.0,4.0
2312,,5.0,4.0
2313,1,3.0,4.0
2314,1,4.0,5.0
2315,1,3.0,4.0
2316,1,3.0,3.0
2317,,3.0,4.0
2318,,3.0,3.0
2319,,3.0,4.0
2320,,,
2321,,4.0,4.0
2322,1,4.0,4.0
2323,0,3.0,3.0
2324,1,4.0,5.0
2325,1,4.0,4.0
2326,1,4.0,5.0
2327,1,4.0,3.0
2328,1,4.0,3.0
2329,,4.0,4.0
2330,1,3.0,4.0
2331,1,5.0,5.0
2332,1,4.0,4.0
2333,1,3.0,4.0
2334,,4.0,4.0
2335,1,3.0,4.0
2336,,,
2337,1,,
2338,,5.0,4.0
2339,,,
2340,,,
2341,1,4.0,4.0
2342,0,3.0,4.0
2343,,,
2344,,4.0,3.0
2345,1,4.0,5.0
2346,1,3.0,4.0
2347,,3.0,5.0
2348,,,
2349,,3.0,3.0
2350,,,
2351,,4.0,4.0
2352,1,3.0,4.0
2353,1,5.0,4.0
2354,,5.0,4.0
2355,1,3.0,4.0
2356,1,4.0,3.0
2357,,3.0,3.0
2358,0,4.0,4.0
2359,1,4.0,5.0
2360,,4.0,5.0
2361,1,4.0,5.0
2362,1,3.0,3.0
2363,1,4.0,3.0
2364,1,4.0,4.0
2365,,4.0,5.0
2366,,3.0,4.0
2367,1,3.0,3.0
2368,1,3.0,4.0
2369,,5.0,5.0
2370,1,3.0,4.0
2371,1,5.0,5.0
2372,1,4.0,4.0
2373,1,4.0,4.0
2374,1,3.0,4.0
2375,1,4.0,4.0
2376,1,4.0,4.0
2377,,,
2378,1,4.0,4.0
2379,1,4.0,4.0
2380,,4.0,3.0
2381,1,3.0,4.0
2382,1,4.0,5.0
2383,,4.0,4.0
2384,1,3.0,3.0
2385,0,5.0,4.0
2386,,,
2387,1,2.0,4.0
2388,1,5.0,4.0
2389,1,4.0,4.0
2390,1,4.0,4.0
2391,1,3.0,3.0
2392,1,4.0,4.0
2393,,3.0,4.0
2394,1,3.0,3.0
2395,1,4.0,5.0
2396,1,4.0,4.0
2397,1,4.0,4.0
2398,,3.0,3.0
2399,1,3.0,4.0
2400,1,5.0,5.0
2401,1,4.0,5.0
2402,1,5.0,5.0
2403,1,3.0,4.0
2404,0,3.0,3.0
2405,1,3.0,4.0
2406,0,4.0,3.0
2407,1,5.0,3.0
2408,1,4.0,5.0
2409,1,4.0,5.0
2410,1,5.0,5.0
2411,1,4.0,4.0
2412,1,4.0,4.0
2413,,3.0,2.0
2414,1,4.0,4.0
2415,1,3.0,4.0
2416,1,3.0,3.0
2417,1,2.0,5.0
2418,1,5.0,5.0
2419,1,3.0,3.0
2420,1,3.0,3.0
2421,1,3.0,4.0
2422,,4.0,5.0
2423,,4.0,3.0
2424,,,
2425,,,
2426,1,4.0,4.0
2427,1,3.0,5.0
2428,1,3.0,2.0
2429,1,5.0,5.0
2430,1,4.0,4.0
2431,,4.0,5.0
2432,1,2.0,3.0
2433,1,4.0,4.0
2434,1,4.0,4.0
2435,1,4.0,4.0
2436,,3.0,2.0
2437,,4.0,5.0
2438,1,4.0,5.0
2439,1,4.0,3.0
2440,1,5.0,5.0
2441,,4.0,3.0
2442,,3.0,3.0
2443,1,3.0,4.0
2444,1,2.0,3.0
2445,1,4.0,4.0
2446,,3.0,3.0
2447,,4.0,3.0
2448,1,4.0,5.0
2449,1,4.0,4.0
2450,1,4.0,3.0
2451,,2.0,2.0
2452,1,4.0,3.0
2453,,,
2454,,,
2455,1,5.0,3.0
2456,1,4.0,4.0
2457,1,5.0,5.0
2458,,3.0,3.0
2459,,3.0,3.0
2460,1,3.0,4.0
2461,1,3.0,4.0
2462,1,3.0,3.0
2463,1,3.0,4.0
2464,1,5.0,5.0
2465,1,4.0,5.0
2466,0,4.0,4.0
2467,,,
2468,1,4.0,4.0
2469,1,4.0,4.0
2470,1,4.0,4.0
2471,1,5.0,5.0
2472,1,3.0,3.0
2473,1,3.0,4.0
2474,1,4.0,4.0
2475,1,5.0,5.0
2476,1,4.0,4.0
2477,,4.0,4.0
2478,,,
2479,1,4.0,4.0
2480,1,3.0,4.0
2481,,2.0,4.0
2482,,3.0,3.0
2483,1,3.0,4.0
2484,1,3.0,4.0
2485,1,3.0,4.0
2486,1,2.0,3.0
2487,1,5.0,4.0
2488,1,3.0,3.0
2489,,,
2490,1,3.0,3.0
2491,1,3.0,4.0
2492,,3.0,3.0
2493,,,
2494,1,5.0,5.0
2495,1,3.0,4.0
2496,1,3.0,4.0
2497,1,4.0,4.0
2498,1,5.0,5.0
2499,1,3.0,4.0
2500,1,5.0,5.0
2501,,,
2502,1,3.0,3.0
2503,1,2.0,5.0
2504,,4.0,4.0
2505,1,4.0,4.0
2506,1,5.0,4.0
2507,,4.0,4.0
2508,,4.0,5.0
2509,1,4.0,4.0
2510,,,
2511,1,4.0,4.0
2512,,4.0,4.0
2513,1,4.0,3.0
2514,1,4.0,4.0
2515,1,5.0,4.0
2516,,3.0,3.0
2517,1,4.0,4.0
2518,,4.0,4.0
2519,1,4.0,5.0
2520,,,
2521,0,4.0,5.0
2522,,3.0,5.0
2523,1,3.0,4.0
2524,1,4.0,5.0
2525,1,4.0,4.0
2526,1,3.0,5.0
2527,1,4.0,3.0
2528,,,
2529,,5.0,4.0
2530,1,5.0,4.0
2531,1,4.0,4.0
2532,1,4.0,4.0
2533,,3.0,3.0
2534,,3.0,4.0
2535,1,5.0,5.0
2536,,4.0,4.0
2537,,5.0,4.0
2538,,2.0,2.0
2539,1,3.0,4.0
2540,0,3.0,3.0
2541,1,5.0,5.0
2542,,,
2543,,4.0,4.0
2544,,3.0,3.0
2545,,4.0,4.0
2546,,3.0,2.0
2547,1,4.0,4.0
2548,,4.0,3.0
2549,1,5.0,4.0
2550,0,3.0,4.0
2551,,5.0,4.0
2552,0,5.0,4.0
2553,,4.0,4.0
2554,0,5.0,5.0
2555,0,4.0,4.0
2556,,5.0,3.0
2557,,5.0,4.0
2558,0,4.0,3.0
2559,1,4.0,4.0
2560,1,4.0,5.0
2561,1,3.0,4.0
2562,1,5.0,5.0
2563,,5.0,5.0
2564,1,5.0,5.0
2565,1,3.0,4.0
2566,,4.0,4.0
2567,,4.0,4.0
2568,1,5.0,5.0
2569,1,4.0,4.0
2570,,,
2571,,,
2572,1,4.0,4.0
2573,,5.0,5.0
2574,1,4.0,4.0
2575,,4.0,4.0
2576,1,5.0,4.0
2577,1,4.0,5.0
2578,,5.0,4.0
2579,1,4.0,4.0
2580,1,4.0,4.0
2581,,4.0,4.0
2582,1,3.0,4.0
2583,1,5.0,5.0
2584,1,4.0,3.0
2585,1,5.0,4.0
2586,,3.0,3.0
2587,1,4.0,4.0
2588,,5.0,5.0
2589,1,5.0,4.0
2590,1,4.0,5.0
2591,1,3.0,4.0
2592,1,3.0,3.0
2593,1,3.0,3.0
2594,1,4.0,4.0
2595,1,4.0,4.0
2596,1,3.0,3.0
2597,,4.0,3.0
2598,1,3.0,3.0
2599,1,4.0,5.0
2600,0,4.0,3.0
2601,1,3.0,5.0
2602,1,3.0,4.0
2603,,3.0,4.0
2604,,,
2605,,3.0,4.0
2606,1,4.0,5.0
2607,1,4.0,5.0
2608,,,
2609,,4.0,4.0
2610,1,5.0,5.0
2611,1,3.0,5.0
2612,,4.0,5.0
2613,1,4.0,5.0
2614,1,3.0,4.0
2615,1,2.0,3.0
2616,1,4.0,3.0
2617,,3.0,3.0
2618,,4.0,4.0
2619,1,4.0,4.0
2620,1,4.0,3.0
2621,1,3.0,4.0
2622,1,4.0,4.0
2623,,,
2624,1,3.0,3.0
2625,,,
2626,,4.0,5.0
2627,1,3.0,4.0
2628,,,
2629,,,
2630,,,
2631,1,4.0,4.0
2632,1,3.0,5.0
2633,,,
2634,,3.0,3.0
2635,1,3.0,3.0
2636,1,4.0,4.0
2637,1,4.0,4.0
2638,,,
2639,0,3.0,4.0
2640,,,
2641,,,
2642,1,4.0,4.0
2643,1,3.0,3.0
2644,1,5.0,4.0
2645,1,3.0,4.0
2646,1,4.0,4.0
2647,,5.0,5.0
2648,1,4.0,5.0
2649,1,3.0,4.0
2650,,4.0,5.0
2651,1,3.0,4.0
2652,,,
2653,0,3.0,3.0
2654,1,4.0,5.0
2655,1,4.0,4.0
2656,,,
2657,1,3.0,4.0
2658,1,4.0,3.0
2659,1,5.0,4.0
2660,,,
2661,,,
2662,1,3.0,3.0
2663,1,4.0,4.0
2664,1,3.0,3.0
2665,1,2.0,4.0
2666,1,4.0,4.0
2667,1,5.0,5.0
2668,,,
2669,,,
2670,1,4.0,5.0
2671,1,3.0,3.0
2672,,3.0,3.0
2673,1,4.0,5.0
2674,1,3.0,4.0
2675,0,4.0,3.0
2676,,4.0,4.0
2677,,,
2678,1,3.0,4.0
2679,,3.0,3.0
2680,1,2.0,4.0
2681,,,
2682,1,3.0,3.0
2683,1,5.0,5.0
2684,1,4.0,3.0
2685,1,3.0,3.0
2686,1,4.0,5.0
2687,1,3.0,3.0
2688,,5.0,5.0
2689,,,
2690,1,4.0,4.0
2691,,4.0,5.0
2692,,,
2693,1,4.0,5.0
2694,,,
2695,1,3.0,3.0
2696,,,
2697,,,
2698,1,5.0,4.0
2699,1,3.0,4.0
2700,1,3.0,4.0
2701,1,5.0,5.0
2702,1,4.0,4.0
2703,,3.0,4.0
2704,,5.0,5.0
2705,1,4.0,5.0
2706,1,3.0,4.0
2707,,,
2708,1,5.0,4.0
2709,1,4.0,5.0
2710,,3.0,3.0
2711,1,4.0,4.0
2712,1,4.0,4.0
2713,1,3.0,3.0
2714,1,4.0,4.0
2715,1,3.0,3.0
2716,0,4.0,4.0
2717,1,3.0,3.0
2718,1,3.0,3.0
2719,,4.0,3.0
2720,1,4.0,4.0
2721,1,5.0,4.0
2722,,3.0,3.0
2723,1,3.0,4.0
2724,1,5.0,5.0
2725,1,4.0,4.0
2726,,4.0,4.0
2727,1,3.0,4.0
2728,1,4.0,5.0
2729,1,2.0,3.0
2730,1,4.0,4.0
2731,1,4.0,4.0
2732,1,3.0,3.0
2733,1,3.0,4.0
2734,1,4.0,5.0
2735,,,
2736,1,3.0,3.0
2737,1,4.0,4.0
2738,,4.0,3.0
2739,1,4.0,4.0
2740,,,
2741,1,3.0,3.0
2742,1,4.0,4.0
2743,1,4.0,3.0
2744,,4.0,4.0
2745,,,
2746,,,
2747,1,3.0,4.0
2748,1,4.0,4.0
2749,0,3.0,4.0
2750,,3.0,4.0
2751,,,
2752,1,3.0,4.0
2753,1,4.0,4.0
2754,,4.0,3.0
2755,1,5.0,5.0
2756,1,3.0,4.0
2757,1,3.0,4.0
2758,1,4.0,5.0
2759,,4.0,5.0
2760,1,2.0,4.0
2761,,4.0,5.0
2762,,,
2763,1,4.0,4.0
2764,,3.0,3.0
2765,1,3.0,3.0
2766,1,3.0,4.0
2767,1,3.0,5.0
2768,,4.0,4.0
2769,1,2.0,2.0
2770,1,4.0,4.0
2771,,3.0,3.0
2772,0,4.0,4.0
2773,,3.0,3.0
2774,,,
2775,,3.0,5.0
2776,1,3.0,3.0
2777,,4.0,4.0
2778,1,4.0,5.0
2779,,4.0,4.0
2780,,,
2781,1,4.0,4.0
2782,,,
2783,,,
2784,,,
2785,,,
2786,1,3.0,3.0
2787,1,3.0,3.0
2788,,4.0,3.0
2789,1,2.0,3.0
2790,,3.0,4.0
2791,,3.0,3.0
2792,,4.0,5.0
2793,1,3.0,4.0
2794,1,3.0,4.0
2795,1,4.0,4.0
2796,1,3.0,3.0
2797,,3.0,3.0
2798,,4.0,4.0
2799,1,4.0,4.0
2800,1,3.0,3.0
2801,,,
2802,1,3.0,4.0
2803,,4.0,3.0
2804,,2.0,4.0
2805,,,
2806,1,4.0,3.0
2807,,3.0,3.0
2808,1,3.0,2.0
2809,1,4.0,4.0
2810,1,3.0,3.0
2811,1,3.0,3.0
2812,,,
2813,1,5.0,5.0
2814,,4.0,4.0
2815,1,2.0,3.0
2816,1,4.0,3.0
2817,1,3.0,3.0
2818,1,5.0,4.0
2819,1,3.0,3.0
2820,1,4.0,4.0
2821,1,5.0,5.0
2822,,,
2823,1,4.0,4.0
2824,1,4.0,5.0
2825,,,
2826,1,4.0,4.0
2827,,,
2828,1,4.0,5.0
2829,,,
2830,1,3.0,4.0
2831,1,5.0,5.0
2832,1,5.0,4.0
2833,1,4.0,4.0
2834,1,4.0,4.0
2835,1,3.0,4.0
2836,,,
2837,1,4.0,4.0
2838,1,5.0,4.0
2839,1,3.0,3.0
2840,1,5.0,4.0
2841,1,5.0,4.0
2842,1,4.0,3.0
2843,1,4.0,5.0
2844,1,4.0,5.0
2845,1,5.0,5.0
2846,1,5.0,5.0
2847,,,
2848,1,2.0,4.0
2849,1,4.0,4.0
2850,1,4.0,5.0
2851,1,4.0,5.0
2852,,3.0,3.0
2853,,2.0,3.0
2854,1,4.0,5.0
2855,1,3.0,3.0
2856,,4.0,3.0
2857,,,
2858,0,3.0,3.0
2859,1,3.0,3.0
2860,,,
2861,,,
2862,1,5.0,4.0
2863,,,
2864,1,4.0,3.0
2865,,,
2866,1,2.0,3.0
2867,,,
2868,,3.0,3.0
2869,1,4.0,4.0
2870,,,
2871,1,3.0,3.0
2872,,4.0,4.0
2873,1,3.0,3.0
2874,1,3.0,4.0
2875,,2.0,3.0
2876,1,4.0,4.0
2877,1,4.0,3.0
2878,,,
2879,,,
2880,,,
2881,1,3.0,3.0
2882,,,
2883,1,4.0,3.0
2884,1,4.0,4.0
2885,,,
2886,1,3.0,4.0
2887,,3.0,3.0
2888,1,3.0,4.0
2889,1,3.0,3.0
2890,1,4.0,4.0
2891,1,5.0,5.0
2892,1,4.0,4.0
2893,,,
2894,,4.0,5.0
2895,1,3.0,3.0
2896,1,4.0,3.0
2897,1,3.0,4.0
2898,1,4.0,4.0
2899,1,4.0,3.0
2900,,4.0,3.0
2901,1,5.0,5.0
2902,1,3.0,4.0
2903,1,3.0,4.0
2904,1,3.0,5.0
2905,1,4.0,4.0
2906,,,
2907,1,5.0,5.0
2908,1,5.0,5.0
2909,,4.0,5.0
2910,1,3.0,4.0
2911,1,5.0,5.0
2912,1,4.0,5.0
2913,1,4.0,4.0
2914,0,4.0,3.0
2915,,,
2916,,4.0,4.0
2917,,3.0,4.0
2918,,4.0,4.0
2919,,5.0,3.0
2920,1,4.0,4.0
2921,1,3.0,4.0
2922,1,4.0,5.0
2923,,4.0,5.0
2924,0,4.0,4.0
2925,1,4.0,4.0
2926,1,4.0,4.0
2927,1,4.0,4.0
2928,1,3.0,4.0
2929,,4.0,3.0
2930,1,5.0,5.0
2931,,3.0,3.0
2932,1,4.0,5.0
2933,,,
2934,1,4.0,4.0
2935,1,4.0,5.0
2936,,4.0,4.0
2937,1,3.0,4.0
2938,,4.0,5.0
2939,1,2.0,2.0
2940,1,4.0,4.0
2941,1,3.0,3.0
2942,0,3.0,3.0
2943,,3.0,3.0
2944,1,3.0,3.0
2945,,4.0,5.0
2946,1,5.0,5.0
2947,1,4.0,4.0
2948,,2.0,4.0
2949,,3.0,4.0
2950,1,5.0,5.0
2951,,4.0,4.0
2952,1,3.0,4.0
2953,1,5.0,5.0
2954,,3.0,4.0
2955,1,3.0,4.0
2956,1,4.0,3.0
2957,1,4.0,4.0
2958,1,3.0,5.0
2959,1,3.0,4.0
2960,1,5.0,5.0
2961,1,3.0,3.0
2962,1,4.0,4.0
2963,1,5.0,5.0
2964,1,4.0,4.0
2965,,,
2966,,3.0,3.0
2967,,3.0,3.0
2968,,3.0,4.0
2969,1,5.0,4.0
2970,1,4.0,3.0
2971,1,5.0,4.0
2972,0,4.0,4.0
2973,1,4.0,4.0
2974,1,3.0,4.0
2975,1,4.0,5.0
2976,1,1.0,5.0
2977,,3.0,4.0
2978,,2.0,4.0
2979,1,3.0,4.0
2980,,,
2981,1,4.0,4.0
2982,1,3.0,4.0
2983,,3.0,5.0
2984,,3.0,4.0
2985,1,4.0,4.0
2986,,,
2987,,5.0,5.0
2988,,,
2989,,,
2990,,3.0,5.0
2991,1,4.0,4.0
2992,1,5.0,5.0
2993,,5.0,4.0
2994,,3.0,1.0
2995,1,5.0,5.0
2996,1,4.0,4.0
2997,,,
