1.0,-1.317956709206707,1.7515532062645296,2.4136422591462448,-1.2982142733979194,1.976382521193015,-0.7063103494626434,2.0812466663166984,-0.5500029586376831,0.9557415764460965,1.0410258375660915,-0.6472102801496413,0.9761459164979628,-1.074475333958374,1.900859801525013,0.6078811772947107,-0.017615997403604065,0.6353600910687942,0.7874404406535375,-0.9382347987510077,-1.2849926746284916,-1
1.0,0.32126709949990084,-1.0528801464769262,-0.48774052902132803,0.6112986384572804,-0.3339333959469371,0.7238656845558241,0.41635802834583063,-1.3242462932425954,-0.35719108104442726,-0.9171095543255339,0.3269257333572514,0.6581718471151237,1.8964573715348398,-0.6375329361383403,-0.6750664469476096,-0.825918335472462,1.4438708101856252,-2.211311296386807,-0.39271876120504623,-2.037261478419396,-1
1.0,0.9698508434344619,-0.0189140953080443,0.4127740231202412,1.7211541220042297,-1.0802025699927364,2.169063366152795,1.6964478538177614,-0.22969533415167173,0.3666912543524713,-0.20582897075589118,-0.4446872786620372,0.6463665532776586,-0.9365447745923382,0.3751895013121499,0.04694390162196818,-0.6184066219012504,-0.44359951316831264,1.2694683911551425,-1.8952266635230999,-1.3430623834694275,-1
1.0,-0.05956249723147811,0.014204993226599542,0.04328149600592793,-0.7440974037799736,0.13484270291269337,-0.7400850865545352,-0.40907271738090917,0.1544544224711562,1.1512123956679943,1.739203885996149,0.15394018396052958,0.949162677810604,0.7384571008309156,-1.2398060114688985,0.02923273915030089,0.5001706206102412,-0.44363405027987046,-0.39756180773411365,1.6641227597305093,-1.1993261122429042,-1
1.0,-0.9696699967087111,-0.06127670157310137,-0.31974360236352867,0.09240069515203976,-0.677305843325961,-0.4849526107230064,1.6210916379181806,2.0600228569353742,1.038242914409041,2.092004139540147,-0.38604410508692993,-1.5305291909493508,0.34786515296256476,-1.2056600553247852,-1.455789195388142,-0.18312490559352876,0.2835597731481941,-2.8545311673045624,-0.15029326295455533,-3.4959960352947523,-1
1.0,-0.6950053558697189,0.793298783893935,0.7607195317188769,-1.6782697263401574,0.3887127184074036,-0.12554703264774267,0.08143184276113197,0.21301930002692218,-1.3142450852687295,0.3534657223650944,0.8629829622367695,-1.111274456519194,-0.14015956797350135,-1.391046307203549,0.13877689659291195,1.097729384700155,0.6017867577590755,-2.084666068199022,2.1199157249104337,-1.4218293495791987,-1
1.0,0.3327387978355227,0.7539650163530889,0.9782658515719902,-0.9629334607756542,-2.301450392858499,0.5885036820113522,0.2908130764317402,-0.3475316087162475,0.01730901237220046,-0.89086169291115,1.9334729500375893,0.13475380507762383,-0.3773766650696615,0.32359275973011237,0.8854404924503213,1.5645619277581846,-0.4797649719989767,0.737270800336364,-1.3981023367502712,1.6808604327485672,1
1.0,0.8660716735574503,0.8279922747990515,0.42872962439908274,1.204883442895999,0.008187849755308198,0.6877860776853624,1.016144423786173,-0.02203449573428416,1.477870357822935,1.5121311504548718,-0.39686141351046783,2.3766122008069757,0.32652388089047035,0.6374137760439734,-2.203950564674847,0.9464209423866676,2.9601041722555204,-0.6863046734629416,-0.141334899927315,2.144348983693742,1
1.0,-0.10078604251436167,-0.8305622685183325,-1.9261612064561302,0.025988745122464782,2.8407374419500617,0.06574029721492419,0.41592281079936877,-0.36570215453020666,-0.7226485465819373,-0.2740045553035333,-0.38049721170447964,-1.0935698307838893,0.2353753935596847,0.7003524755988557,0.8670513399726969,-0.009399493936932932,0.9705902036543492,0.1482584119077639,0.583260469345435,-2.596130825959053,-1
1.0,0.876773209921443,-1.0225030045970638,-0.7827203375857418,1.5290840435601203,-1.1360247370285603,-0.8115477374649238,-0.423379354386379,-0.18830678527201344,-1.108749891258121,0.7846348978558693,0.893266949523772,-1.234416536898857,-1.5466692798002453,-0.5873524970729296,-0.36518123706083117,0.5653236314512744,0.5324668362817171,-0.9354424652026307,1.0469800436066947,-1.342006009063852,-1
1.0,-2.6218169813892516,0.4364832188079109,0.4114650344019076,-0.11487350181985033,0.40142742945294074,1.7143454558386566,0.11278776697297127,1.537442955707814,1.8822219204576214,0.08046854913430875,1.09241021551636,-0.6864258340935819,1.3061697254139997,1.3149929103824136,0.3890643005748107,-0.08410920904783248,1.3166706905971863,-0.4351957876535241,0.4590264943681221,-2.303771428053893,-1
1.0,-0.7020880094085132,0.1907294572272815,-0.8736974104457371,0.37128465363563634,1.401162081586034,0.3667754540406737,-0.556001540608774,-0.05917597155490273,0.26576651034488147,0.006717453583945369,-0.04106193303619305,-2.1471828976648926,-0.734093475108343,2.1721217672955135,-0.03681911236317273,0.9645941685980055,0.6004239056251255,1.039028090420204,-0.5134147128182905,-2.376458733384718,-1
1.0,0.9807296913036739,-0.3595002125879852,-0.07339152146538686,-1.1830665234930118,2.313477331399185,-0.8244591958705049,0.32237144464033873,-0.7861662235079179,-0.2581632365591401,0.6635567331303265,-0.68120541919909,1.9214020231333393,-1.4970771035572121,1.6248656291862142,-0.02035657223730018,1.1371528815210874,0.7342807187238388,-1.1228569457780309,-0.5947937832839761,-3.8178428188551186,-1
1.0,1.5679128351658362,-0.12258269794661084,-1.9351076979676183,-0.6925947255157949,0.4261512979720668,2.585106885493834,0.7550585859156059,-0.8032551221610764,-0.7283814460310379,0.08335775239743766,-0.6039772037048037,-0.3828443357844006,-1.5057925539369301,-1.9271468231126596,-1.2063309689219275,-2.255061401078551,1.152117248839049,1.3273230210723383,-0.4427028469316913,1.5204455747042775,1
1.0,-0.21249980000425614,-0.5669891254294225,0.46810261459769836,1.0640860522285038,1.309268753095566,-1.359107585591855,-1.4569102018735016,-1.4429975016622103,0.6094238665948014,0.008766825023630867,1.0898918230401016,-0.5348682848274027,1.6326836856950082,-0.6854404125377436,-1.7734034784858892,-2.398020460323519,-0.12137458582942984,1.0351687892306312,-0.40204063773674525,-2.0586896612976604,-1
1.0,0.7666525203647644,0.36302796508353025,0.6413867867585081,-0.7478710212954152,0.10129121390524234,-0.6812359470594178,0.7697029159956682,-0.5616553601963779,0.40199507722121053,-0.8015712560773077,0.9597152695023994,0.4968929614013741,-0.4948745602133096,0.23605060163635286,1.6982666961038089,0.3572154876681747,-0.38666850872298303,-0.5615709933016325,-0.5775030984223288,1.0691649151145903,1
1.0,1.1258407457547501,-0.719141756301428,-0.33962870805431195,0.6338660134519383,-0.8185596032665963,-0.2096970377162807,-0.302749860180189,0.5101019621899674,-1.8154516877013989,0.128854100967851,-0.9249184128230185,-0.2537542397025433,0.7288914127283574,-0.7780941727948936,0.8546539434620037,-0.42954332392085837,0.8917322058861877,2.506828920595875,1.1747327836388968,-1.805783599740493,-1
1.0,0.26489591278400054,0.4285065147626073,1.7073800363666098,-0.547508477973576,1.9680252148343673,0.3704808301244259,-0.12196105133799584,-1.003803180104813,-1.185258547741188,0.14162757895670838,-0.1080059839414583,0.7147346159814698,-0.7813916458474867,-0.783612066964839,0.2221533189396946,0.08556338747910557,0.223707378964963,1.0026231986658707,0.18449883317610202,-1.7111869708186043,-1
1.0,-0.5953578510985544,-1.1905794804154402,-0.6647246143528444,0.13187164481724756,1.1127444444539525,0.4318391624603742,-0.06330320222826914,1.7797842324685553,0.04383053095096846,0.6823976947887557,-0.5136371078707908,-1.8912358179361186,0.005535737573229363,-0.14525649486560036,0.6651542655556286,-0.40180985824110915,1.5539696451685705,-0.22263975851780587,1.293811983694553,-1.7908173620823609,-1
1.0,-0.20231964125001056,0.5485030522935768,0.06252501196595409,-0.04181634134913778,-0.7038191847968482,0.4470899448246987,-0.8475685502325898,-0.8689335013617544,-0.9015639954186278,0.2819319596087457,-1.0383567535072689,1.2512004105002905,1.1999555121833112,0.22826657732667835,-2.465579441345702,-0.42328918336007726,0.006451465397868089,0.40304299604920685,-0.23280291826823865,-2.6433277186513626,-1
1.0,-1.3005661101458597,1.3172061067149765,2.769871203647793,-0.2291259416172457,-0.19509322485592856,0.4622272480730133,-1.8291898761937435,1.9305439569405962,0.4697841740444298,-0.6114457522638468,-0.23461823676789698,1.0712115531866595,-1.1864923043151225,-1.5664377047837823,-0.5636705192825776,-0.2270845745681214,1.2064386286986493,1.4062346129135543,-0.37847152836611364,3.08561622165555,1
1.0,-1.3161405661915675,-0.030842198309376574,-0.21612625466130028,0.20086015484719486,0.9159301770905871,-0.09517036018531772,-0.3558159426399975,-0.5011225903790982,1.1831846382808369,-0.2407071009453387,-1.2105432819162218,-0.15148625778342018,-0.788162775704715,-0.22911196148368904,2.176931166972399,0.6361562133422098,0.607637189866086,0.049755688102538095,-0.24552680716087427,1.3312765082909848,1
1.0,0.9906999250086429,-2.373124401733132,-1.154756356153348,-1.1237034332958475,-0.5597088774096924,-0.8785702739394495,0.3640163789273636,0.6990563450680597,-1.0639488855775971,0.28338546007836807,-0.9400051294603277,0.022951194282831985,0.18191045310723641,-1.45312084014877,-0.7127349974424316,-0.11674922235391898,-0.7798418668639182,0.3220506084544111,1.000931303806063,1.6580193557826866,1
1.0,2.6683491153647645,-1.4269610139171491,0.5464547188224493,-1.4827345490076238,-1.9697041243166504,-0.03604403786106737,-0.7351565621125827,-0.7726876924884122,-0.2928892117054999,1.2628457578103214,1.8955254893566533,-0.07299825297288284,0.2946680827156967,1.2910945691829714,1.8983533183498638,1.175957403370017,0.10507644147716774,1.3988522781919699,0.1655155503174094,-1.434974546246739,-1
1.0,-0.41633593508483996,0.8955892680283825,0.1926899809910867,2.4911171022449707,0.4977524851820247,-0.6807028193446806,1.2221113295336123,-0.08595372223892853,-1.1438765557866308,1.0669862162117831,-1.3047679905980047,0.39726720394359755,-0.6206795717821927,-0.3125238146420743,-0.24509108003277075,1.1674697116840682,-0.9166309036719651,0.9780911649907542,1.1624059367276598,-1.0175838544184757,-1
1.0,-1.128917024303723,-0.19088342342732909,1.6343571025141161,0.8268431307385894,-0.6967189156815787,-0.5693053618994373,1.0805192918122302,-0.6167985771226528,-0.7766549193516766,-0.10551738642950402,-0.49149137457953496,0.6481703511977999,-2.071316597458291,1.2422876875017417,0.575057822923968,1.6600516734639075,-0.4034889176666803,0.1704344020995317,0.04871406738498611,1.1600698280498372,1
1.0,-1.3808484221101376,0.4100111635109286,-0.8286067989242272,-0.35690796988859563,-0.15308675361521606,-1.009869644611143,-0.37028889234927037,-0.23604829492714063,0.7853322538754991,-1.2361559598424137,1.235973476322178,-0.3638975138249994,1.3142026325042058,1.144327968648922,-0.004450311883727436,-0.361918306786093,-2.1628274200062876,-0.14545111154462498,1.2512097334573389,1.0718852794381848,1
1.0,-0.26028837745251165,-0.26333063107393334,1.7733589386477142,0.04924161786993564,0.9043973764319709,-0.9085160058262881,0.3388465575004779,-0.018592925922131666,0.7204195557350204,-0.37030682801487974,0.05479744823108579,0.43923228113440665,-0.24642959172372117,0.22753259186289437,0.0765791047201482,-0.24602116410465497,-1.3062627306547037,-1.9866587061157441,1.0876245422428519,-1.542327762940924,-1
1.0,2.3691922118550433,0.40888301156113577,0.5742466433450947,2.7020213513330504,0.016088771725824035,-0.08009096066476971,-0.1152971263915846,-0.3785887537545362,0.3794649730305809,1.4186495543369466,-0.9005008281532457,-0.24266305963766024,-2.5983891337789444e-05,0.06517336472810928,0.34082180238437293,-1.203370294023799,-0.9070643413791479,1.4615623136988678,-0.6095420346857462,-2.4737704971930574,-1
1.0,-1.6273723582191029,-2.078899148369157,1.3387845246992351,-0.05752041053297115,0.0202105405048601,-0.09129875447295024,2.086640640179823,-0.6672245609645089,-0.4117231185831343,-1.1251133020866022,-1.2510387653355501,0.18557663378159117,-0.5197549188178378,-0.18072079683138761,0.7980342038067221,-0.7655797851550231,0.26157607082545703,0.47531686919699495,0.1823922293839172,-1.972174609719143,-1
1.0,-0.9264646423188744,-0.4192100627878829,0.3003486532557809,0.20364582771660317,1.20775534305834,-1.12626349781047,2.4569428994578155,0.33975749978499037,-0.30553965094091723,0.8259216437211517,1.6963210429742304,-0.6331038839226768,-1.265889678109844,0.1328093280499742,-1.8767589391961006,0.6952419714751833,2.0317485276380496,1.2025773313675534,1.0986220024492326,-4.287841392928087,-1
1.0,-1.893301775645094,-1.0685269657551453,-2.310363069839257,-0.8340501330526998,1.6953371161908979,0.6349847197667088,-0.5325221950403524,-0.5285376848410593,-1.1939586817042163,0.5461506693442728,0.10260352807355227,-0.35782190498331884,0.6455833350320751,1.5387617544316967,-2.455820946832553,0.0355552577799444,0.8748634756124282,-0.3836610447974159,0.515469500371614,1.3217651455461283,1
1.0,2.312917431306726,-1.2432115916369033,0.6930383825257415,-1.90993895324882,-0.3803843363094904,-0.18372538822844878,-1.1045519341460122,-0.013004011860672689,0.3768004493162576,-1.1850436693617274,0.3411579013457519,-0.391700216226671,0.26572998056902075,-0.6720273231348052,0.36187069118512877,-0.08129372683298935,-1.3647858303329374,0.6363119392628056,-0.3503763218109714,-2.684563005089421,-1
1.0,-0.9270604682660388,0.04168601705028141,-0.49024679559189543,-0.5580034225320047,0.8598510632934933,-0.35425206084842514,2.5965556666398344,-0.14153701455246967,0.34024099103190947,-0.7527446238483587,0.21331653960910044,-1.2728696780195763,-2.198168371054198,0.25758497246687573,-1.4190052443573324,0.48540040811155616,0.18514151086900746,-0.8465921963022552,1.5392589503600147,-1.9151037036730196,-1
1.0,0.9946562206723047,-1.1009640569814851,-1.446532607679886,-0.3851447902381755,0.3285983294141292,-0.6730340912405264,0.18120762174681734,0.24192777955372727,-3.2673627374563448,-0.5315226616017051,0.48384279568701133,-0.5877128174252988,0.6112024138851871,-1.2947892103567769,0.3617270406245975,1.3630685998877718,-0.6991534541240573,-2.2318395818194516,0.8316285890405656,-1.5089142937852054,-1
1.0,-2.7030173232817343,0.6984506933707065,-0.8791660316238791,-0.023208133067526233,-0.7633547720538343,-0.9432732075927169,1.9485555951778213,0.8444742428055092,-0.7897525469663567,-0.2227648287025491,1.3919958807463086,3.063061754743998,0.18284247998019368,-0.1108558834401896,2.163330144381588,-0.2109509573385078,-1.6638057239826403,0.2552919843874999,-0.9127119221560194,-2.4875473709204154,-1
1.0,1.85656728827171,0.7743915538967588,0.24967852867940235,0.35398780940479957,-0.9847866644828035,-1.2582503221888715,1.4775976636166588,1.3599730498603537,-1.6936346498424781,0.41457287744470916,0.4091258659813468,1.0789091371427286,0.13570209586111817,-1.7621925318879605,1.1486051851551742,-1.8021249036767506,-0.05963692998807219,0.5233151249217526,1.786061323418889,3.9171102413298025,1
1.0,1.2241341578445086,0.4349750488792009,0.6716283649655738,0.3618064522026266,0.4106040996841911,0.14277172455360662,2.015390469797396,-0.2497619427061087,1.5292392564433075,-0.17451539479851377,-1.3549871826912527,-1.3436429123094615,0.7777737596044488,1.4166605595298372,0.8171367090638384,1.27261420743076,-0.18809006588256472,-0.5501237137274015,0.2179609566218073,-2.7705582886973836,-1
1.0,0.0010404546198206533,0.14308133490261052,-0.5599668169902016,-0.9194166128575568,-0.4261064573936341,0.3066747458004166,-0.6876924281898498,-0.9190920697873328,0.6427038797367624,0.1474742314275036,-0.08473487260370376,0.41578432541732463,-0.2496651690682447,0.40664049268647007,0.4198174034887093,-0.2399892073547912,-0.32281626593402496,-0.5434250773440616,2.1049023044365343,3.6770779455832288,1
1.0,0.5180353278321925,-1.121119792361242,0.25337715395538163,-1.128290161478054,1.7846483974182399,-0.6594223687644258,-0.2394477384574707,1.3345845751757297,-0.3532765200015807,1.1238862720470784,-0.20674454295241296,-0.8896410810471721,-0.2815672405093329,0.30988390423891776,1.6754971528821823,-1.1793560728487185,-1.4966182984770449,0.18904112798151135,-0.31294013570211404,-2.848931676441754,-1
1.0,-1.2538540989794207,1.1785468913199209,0.7106048823382733,-0.22793363307037126,0.2695425075521486,-0.27661997630895363,-2.8307739515631143,0.8310463501028247,0.22270093095615454,-0.022877534181499095,0.4806830871866041,1.3389462573099018,0.4589289115227649,-1.6073391832159114,-0.19427443096146757,1.4353353425499933,0.2982351392755772,0.05212247579760322,0.4416477071617196,-1.15334568673123,-1
1.0,-0.8253070822890319,0.05173351017142452,-0.6783312378361402,-0.8808215740396764,-2.3234189234653857,0.41597830778611955,1.1397322388847557,-0.2016769788917668,0.03179199573997057,0.024405179433751548,-0.886420632231571,0.3076321661011465,-1.7722327058596046,-0.3037987410540685,-0.42831320853666527,0.3266124286238122,0.047015345132118434,-0.8840740807968678,-0.16387433289034606,-1.8157570107334207,-1
1.0,0.3012575435776004,-2.1841504318554823,-0.6286830844573559,0.2804965621802697,2.2133051932917573,-0.9944537176225826,-0.2980442979995831,0.9231583896032239,-0.7600986085334481,-1.6195932112306124,-0.21600723028382973,-0.6012484995988516,-0.4928290652940676,-0.4397224017437629,-0.13139335314390596,-0.1806775020542298,1.106481595730642,-0.9922265632451137,1.0203885975668936,2.1842765999383156,1
1.0,0.33774971961810496,-0.26406052890202525,-0.3961695294898646,0.05744763232267043,-0.8676269456650151,-1.0662559292909242,-0.5828045558187022,-0.9237663964119222,0.435875308227804,0.0356839352634551,-1.0325887066292074,0.2311088599198378,-0.2333734071017579,0.9165528150398048,1.6521883258846755,-1.739691137319427,1.3441463265605818,-0.7718214641499209,-1.4823082190145578,-1.2017180941807188,-1
1.0,-0.515515174138639,-0.9260838468261188,0.3870347130539205,0.9650142016163772,0.16631821646391992,-0.8961220461450801,0.9727377896101794,0.9516471442401795,1.2027780784726727,0.3019423407673191,0.05385742129114524,1.5933498078273307,0.03939996291505134,1.7272905337830848,0.7208717647693145,1.3488147780030024,-0.8003675883916367,-0.6920880061002268,-0.7792727747821968,3.363494375241946,1
1.0,-0.07845357423647441,-0.5922334560259065,-0.49495605394648656,2.37331687220376,1.789442404899676,0.18575977974151558,0.12282461195842045,-0.6996209995643338,-2.0555386673228724,-0.22639239765280214,-0.2654919616605093,1.0549000106052078,1.361477894515303,0.5233315444405646,-0.11140781787247613,-0.8617483669376406,-0.3135822239845292,2.5952078129547393,0.08806161170711492,-3.3008701335370407,-1
1.0,-1.0414054946156917,0.43795473789124034,-1.3525201216705862,-0.07516052899843684,-0.3820359579365688,-1.3655038289715367,0.33827799452534574,0.013877276178077264,-1.0382136667690818,-0.16254630714946022,0.1799793792621675,1.0275530841368037,-0.43197231952910553,-0.09879426870966654,-0.8203277420289457,-0.5403862199417094,0.4986554451356186,-1.0876861843259091,-0.08820074789802532,1.6464782475388644,1
1.0,-0.047954751720195504,-0.3831956652361806,2.1889276294188025,-1.0824401981526888,-0.7859532796088939,-0.19182158410525674,0.19388906338435602,-0.08372736185127017,0.9871242522796895,-1.2573530958463288,0.1368660934495252,0.5734522592304652,0.3004784947425946,-0.25441141843404835,-3.184989242099823,1.7742451534408137,0.5902231970298685,0.07055291813381755,1.5698111933295564,-1.0604873989672834,-1
1.0,-1.3459784820977803,-0.10796138602609155,-3.328356671613226,0.6237851616062572,-1.1075209876075722,0.2593078065661395,1.5048984136796753,0.5262180729678592,-1.394128509597209,-0.5354254148109142,0.9923645455976833,1.0776632476198063,0.9368848698043539,-0.3241740167009734,-0.14890024504137883,-0.9425066955685035,-0.9180288151762043,1.7125164357998208,-0.02444355032182538,1.069843234802225,1
1.0,0.10931585061215437,-1.0366096937846199,0.4798976822670046,-0.2303915630897415,-0.5724826979990228,-0.5369908711714947,0.7138591901804358,-0.5064436913617743,-0.06136937675019665,-1.5323546389751557,0.9740233861422971,-1.832000889732856,-0.6098583820974782,1.236137669800311,1.3690962245384013,0.08272632099847232,0.8338495255897167,-0.9627842851444206,0.6247965693657876,1.8667741017264867,1
1.0,-1.6887868281921135,-1.1948823604727639,-0.6483252073313487,0.3955870468596238,1.0871148008042537,-0.502023787936695,-0.23892587484992042,0.5379450883400466,-0.36384662450385064,0.9474665083228261,0.5451908715095954,-1.6727597526747469,1.0370533705826768,0.17121237719158444,1.1344482989923586,0.3564364521540833,1.321754293517033,-2.065297651587956,0.7614266900578802,-1.2326148707064233,-1
1.0,-1.5237188698180948,-0.5652785679811344,2.252411287634962,-0.16967810994198057,-0.5384992905184279,-0.43009647875103924,0.758668098451355,1.0634406427705847,-0.10733846417181213,-0.8042795719815677,0.2987755207012555,-1.9623474978921716,-1.5967990011366142,-0.2781112591640466,-0.5444990397205391,0.56129537081506,1.093918046638111,-1.3924005040617011,-1.3281420618396136,-2.0763716271462296,-1
1.0,-0.8218686963389722,-0.7055285261868529,0.629000407956943,-0.25715363282149223,0.0802255230594087,1.1161986614323156,0.8397886782752889,-1.9733318804677416,0.4413636921588313,0.6375276046717611,-0.2797403399641665,0.13612063538521119,1.0784556388744562,-0.7803076173034377,0.10743232266001923,0.1845814687489639,1.3753386888495505,-1.5866592002433755,0.4411099566901411,1.0837498565878476,1
1.0,0.36513263651361205,0.7591790156717321,0.252203788126317,-1.3828005849959448,-0.9659096127193605,0.4293484175746622,1.0969564275063795,1.2389365463700495,0.7667706734710903,0.7980818774763965,0.3643301358671788,-0.6950926038770031,-0.6861737133825417,0.25767108802056404,-1.0457702245002156,-0.4320892421252345,0.049408813825165994,-0.4883273024288377,-0.09950184149929837,-1.0809761333601806,-1
1.0,-0.4409278674414473,0.7995166455727158,0.04979878211305458,0.12074053553432149,-2.5483239238968225,1.537663524869522,0.130224314922069,0.28694253387057583,-0.5055285471909887,-0.22454787256451242,-0.44445844696334763,-1.3005536139890312,0.7489778902242719,1.749267121369503,-0.1958621356784046,-2.3615044307669657,-0.9384548968182606,-0.8591097767096539,-0.3901102917197586,-1.4345399720352474,-1
1.0,1.4715972297369952,-0.5578132473643217,-0.792560093195155,1.231155587271298,1.2992335135838815,-0.594892776157486,0.25309342843299815,-0.1617938865733154,0.13426753286518886,0.15617019060622242,-1.0157966555442361,0.7672656133871482,0.4654655527294788,0.31519327626277144,-1.6404456711103332,0.729248982097651,0.1965090109294651,0.31882636182509805,0.6321661411344824,1.4458904762094367,1
1.0,1.402164288610653,-0.3456993386021939,-1.4549284198438779,0.43525632229096906,-0.1924014736036324,0.059882176499620555,-0.30209262178543234,0.5571044601644315,0.5504291070582623,1.6108080512985583,0.3368781668511299,-0.26441621134837423,-0.8961524565349853,-0.37713908128554435,2.020968336334081,0.3075445245578624,0.9138391708909237,0.052651895193881595,0.47801927711244635,4.200954559798824,1
1.0,1.5285022436974272,2.1844136284446414,1.015184271359357,0.5203466703708851,-0.507158177420961,1.3400794998085164,0.5273531553789158,0.3741132390495972,2.153853437629412,0.4505532538603034,2.742260303079428,1.189148383318108,0.2822642550330778,0.4187524227920754,0.5648139014998633,0.45250610017474174,0.7317083602655755,-0.06579459717350332,-0.027042351391345972,-2.4308690987146733,-1
1.0,2.774659073986021,-0.2844409948032355,1.6700638211331424,-0.4671945586303189,1.105429491759864,-0.5955809639383003,-0.8699349755582398,-1.4325482117355268,-0.5165833339953027,1.0871517944815943,1.0741342992147573,0.788869524311558,-1.1162599453658624,-0.949368716755988,-0.9814758645701294,0.7266588230351898,-1.8072750138113418,-0.4395298887155943,-1.2902030462984044,1.1737156145474632,1
1.0,1.2268324054057143,-0.0953859048162287,0.8299655007238268,0.24227565695464826,-0.9061577397664047,-1.6014485755756624,-0.703603251087256,-1.0352584911330043,0.12120304173618104,-0.02152513324340841,-1.0844751905431027,-1.0232758317112682,1.031547286600161,0.48621651526329673,-0.3334142229473011,-1.1530616830247007,0.4471417088589108,-0.2920687264315643,0.6558565306812041,-1.9438181880841485,-1
1.0,-0.7774894448949135,-1.020020823677805,-0.2691094241216376,0.1737259075417604,2.365802603924037,1.9424913284588325,-1.3365984661975108,1.689071276084486,-0.990823168714904,-1.866063484906144,-0.11715877329409614,1.2314286649951998,-0.5827162540095904,-0.07838408541618855,1.3168306001799308,1.6108140978888512,0.2185823942407828,-0.13811902900801207,-0.39828922256679816,1.9997137901596114,1
1.0,-0.22581638847032287,-0.9672870648186809,-0.15545587770490749,0.6915163678892706,0.009173956335545462,-1.0529224240306239,-0.3513762482860757,0.994263739021764,-0.3127933346470617,0.07195393675840214,-0.2500817922335824,-0.5455620677932231,-0.8837685502352005,-0.5237282742670214,1.3875168400775377,0.5588182321946873,0.035698424749960773,1.5329875495450267,0.3689563823024499,-1.4004281927981639,-1
1.0,-1.4746751184778637,1.736128542207289,1.3192183551220722,-2.373226223382392,0.06365812385890435,-0.2819779816176655,1.0265384667476296,0.8696809001206044,-1.0606923927525511,-2.0355393393019536,0.6952139712764143,0.30372302770523474,-0.03504783004551962,0.3364333143029262,0.31121106962502854,0.8057564032442766,1.4082491306704346,-0.5605902879084838,1.0430369841800324,-1.731315866872421,-1
1.0,-0.15281866077241604,-1.7029889888241039,0.4785120317543413,1.1547691275571912,-1.0544861663397862,-0.21251117148550805,1.2700578933287763,0.9215305443376944,0.4678658291364635,1.1357013958713926,-0.5671684893772516,-1.642061248002572,0.7462134378057642,1.1722901529742404,0.32870749642852887,-0.3934307581870896,0.4898343503594622,0.42836460209839833,0.8468157613759419,-1.4817907491822677,-1
1.0,-0.6354825891160061,1.3540940412327673,-0.2805678758647482,1.6047180284114273,0.933000672574605,2.7044801642916965,0.13602565265141503,-0.21457096349131383,-1.0230907581792905,1.0489671371003286,-0.7319749870775255,0.033739488853706597,0.3067678652916618,1.1664330344957945,-0.24325362904052097,0.6913553557929387,0.17401072320005265,-1.0441346004107188,0.8876008104659202,1.075840290934179,1
1.0,-1.0976757251125395,1.071749869785484,1.0416029731054555,1.5701404912133112,0.5775071528253706,-0.9346111650580654,0.208787947610713,-0.7010617686308398,-0.3465388545261046,-1.5280518687304998,-0.16138511238610634,-0.4417744807749852,-0.712094370353976,0.5767356072816184,0.8979861565932235,0.012720987828658811,-1.2733396336460447,0.5487264924138393,-0.5891674042817286,2.6540726764311473,1
1.0,0.3254695572283227,-0.9111599688004685,0.5118809802603422,-0.7276911384581362,0.8946260967677667,1.1176488476449375,-0.2957602594982223,1.0890041791453418,-0.25602484636752737,-1.8666215287990733,-0.1487544506585469,1.0734443389339068,0.3621672096366193,0.26089945503171164,-1.3616427233137962,0.06839011450459621,-1.3592546985831304,-1.0566283537468757,0.4416095733083504,2.505212696821201,1
1.0,-1.0080670357395622,-0.80097496228524,-0.6116824197476816,2.1166134936559073,-1.0533174272913965,-0.07404487790644536,-0.16724122778305311,1.658417217132209,0.9308794505454221,1.514007717796364,-1.84818874277675,0.15165027628055885,-0.2718656565159096,-0.21212018353672416,-1.9438097601693882,-0.61687542394667,-1.1396501835434043,-0.18664600634758333,0.99680886330233,-1.1710729015028227,-1
1.0,-0.5887610618755089,-0.20543787921532738,-0.6159915385163447,-0.5776285495347842,-0.5268824295452191,0.5870260899549936,0.0306355203401532,-1.2568999372670213,0.4368137452953704,0.16248058196782164,0.8499929074441801,-1.265938398094891,-0.3487924871243375,1.5560094604449743,-1.145230785749788,-0.075242440224606,-0.7118310423827787,1.0587831386663686,-0.2582334880984714,-1.3965180746584371,-1
1.0,-0.5455074053316847,-0.04706514927014518,-1.4277498246551121,-1.5766110180555712,0.5551768181273656,-0.37565609478001016,1.1448312281018331,-0.8468316086893425,2.9559162247133193,0.6540669229518066,1.2745523665303455,-0.5161174266617795,-1.6648016975479556,-1.3578148469541758,0.9248580066344904,-1.2814413653890209,-0.03980386200548528,0.6671891379070205,0.024686176093779082,1.2452983259493662,1
1.0,1.115883841161025,1.015440700495975,-0.5296532778700705,0.20370300317616313,0.296768810855533,0.752775371544195,-0.029976260752287022,1.7162944332984518,1.1470920621891962,-1.0042978954292592,1.5299785389437792,0.7661501274284117,1.019744733733845,-0.10864049825026627,-0.5152642908030558,0.22098173401283575,0.29310528561899923,-0.8995066547865261,0.16048760944060642,1.3699364088832144,1
1.0,1.9344425004109052,-1.7317692832992604,0.33260109979604063,0.032650359072117746,-0.9777551344423949,0.5405662208138606,-0.3599244299973456,-1.2479202020139968,-1.1132692012043823,-1.1347940821404947,1.4840379462450484,-1.4421813563071677,0.7993360641975468,0.21163479564361865,0.7056333428456328,0.2560878517240688,0.8555154642390413,-0.05655316428072794,-0.9468072155430008,-1.6856333844575957,-1
1.0,0.6084025263377831,1.250710721422919,0.27715504750079056,-0.7361792270754003,0.6253053057763851,0.13496863363522626,0.05946587906786611,-1.7353895667555774,-0.5903310924335295,0.8376189361956836,-0.9404994889800309,0.287106884806433,0.7181549402315307,-0.6967175477822278,-0.3158305374862711,-0.06897860839354311,1.0946507662464053,-0.18031887306817507,-0.4269197521981954,1.0033281387674833,1
1.0,0.5303133567092245,0.27611697364475285,1.0060130076816909,0.10578861363029499,0.5731668623204561,-0.5331048066676626,-0.12369759947885596,0.9740258338652213,-0.005587566665975773,-1.2481749638683486,-1.6773734722737212,-0.6904411139474655,-1.524681495425133,-0.6197093333936302,-3.1075888342779474,0.30154303266898486,2.0360216310869625,2.039524728302449,-0.08735283306228184,-2.7738578068952973,-1
1.0,-1.3801023458174277,0.5180595903889667,1.362881745900494,-0.9470480113969361,-0.7770060264388511,1.642030766632796,-0.5294456386685227,-0.7947585405783307,-0.29449581855161977,1.3016093810308393,0.7413776897825776,-0.5689905762076373,-0.9130797358128857,-0.7149771155634609,-0.36329764418301,-0.5246712716140065,1.11385936049876,-0.057372306075787693,0.5631825397138431,1.6240821033007515,1
1.0,0.7043885880457718,-0.11555690054502246,1.4543946738455102,0.1940513835787707,-0.17736610775660894,-0.884064070315055,-1.8591401370065848,-0.04658198980665446,-2.642981444629757,-1.0735988879393075,-1.537023037810626,-0.37082656684894644,0.987586397890143,-0.292341411986789,-0.07978218501459373,1.091492361490436,-1.7772744796437518,2.372191850746094,-0.027467303621759406,3.3314579813628273,1
1.0,0.0603713945801473,-0.6520944074028084,0.3680485684060429,-0.6229415110035478,1.0462681437710974,0.23968343230726863,-0.721473433136225,0.3428944884377869,-1.134020055220225,-1.060397850341923,-1.2077314714687983,-1.6344651914433912,0.8622319478630719,1.089407838962107,0.9823951013893587,-0.626154786492989,1.3120685091523383,0.7473605435231557,0.5630752575467016,1.156866523448873,1
1.0,1.4236595326323551,1.0596396745515133,-0.18444769446195686,0.43560068513614947,0.33236021251189346,2.412726274465052,-0.9530630722366431,0.03590352622218197,-1.1835768452856708,-0.2814715184574808,-1.6115574842998641,-0.002637797845254197,0.5822269797312851,0.16869935374342587,0.7722265634187498,0.31550205755002014,0.44720477192821523,0.5112809473112938,0.21989283196651166,-1.0866049048740183,-1
1.0,-0.6034695221290025,1.4575900680784428,0.8636297036448728,0.25229255848313653,-0.05557289188744785,0.4509422793202637,-0.13215165882007693,-0.7785726984250702,-0.4081220971594099,-1.512419159488479,1.6387859135276595,1.3118814623041763,0.5634165476230869,0.6265216277232175,1.2668791860297755,1.4529636715829441,0.667577437036578,-0.5518912535406268,0.4803082807955735,1.3690349919290545,1
1.0,1.5115281553094668,-0.303814462835297,-0.10593080459840855,0.12431387077444454,-0.021302720717743386,0.14895534340093736,-0.38220825273477615,-0.22552680768117336,-0.8121298072660434,-0.6577126555343678,1.4819408659592244,-1.7308030483472503,-0.6786143519274719,1.1245823888086695,0.11465633477228344,-0.6868528094592559,-2.2253136906052267,0.5038630427637094,-0.8021339496893432,-3.458118086873132,-1
1.0,-1.5224325736550075,0.2738175203768424,-0.9091190888909688,0.4456942051427001,-0.6684067780479083,1.2421074355407153,-0.9838489705114319,0.8197244381126284,-0.21102230700888974,0.7217625953463676,1.041261350439557,-1.4318780951381422,2.043770494356551,-1.0759515469491936,-0.11114971281631189,0.0495622754898209,0.11403208280878144,-0.03324069209056943,0.7335206212475693,1.7593870412289605,1
1.0,0.7221322805539443,0.1869547770274845,1.5368084423212542,-0.010059274571250196,-0.7258258428434005,1.2638226012627594,0.08748671936031938,0.5462975031041409,-0.8187052191196488,0.6279046107100372,0.49685287985073306,-1.6139973639895806,0.5373665696609332,0.6061017986026854,-0.3692592799934301,-0.9498568783536938,0.3658407034792352,-0.4620323923049074,-1.1430614534357781,2.0663310746431147,1
1.0,0.6362568785089502,-1.0012152468599234,-0.09745105305991149,0.4523955149264337,-0.12216716768267241,1.2451600200302761,0.2973784034940605,0.13310565186215845,-0.9195694055299416,1.3073854202651827,0.058581115039269126,-0.26764233994737185,0.29203264626767317,0.3518278289473712,-0.5180777272054617,0.06677251896989655,0.23885707438633075,-0.30574335953739556,0.028164070942763107,-1.7948348967789434,-1
1.0,2.0017989984910365,-0.0961069080454231,1.2301980513399744,-1.7388348051531977,-0.8939878617904385,-0.7894790948524543,0.3028255553233534,-1.5985582442551916,-0.8571879186450574,-0.8903681702138534,-1.1045043630531761,0.18082744191085467,1.5220723953308901,1.2762419283565871,0.32928385619348816,-1.1334363156237375,2.4765576941374077,-0.4087678159753179,-0.024932532881665057,1.8979691709247954,1
1.0,-1.4700024771780422,-0.013452700798095995,0.5728863977791072,1.3032058636812565,-0.07287101054312091,1.0289687903918328,-0.06850301535635017,1.2055587946748636,-0.29640418685502146,0.515008592281906,0.9595977781312885,0.09164462188481409,-1.0818518284902163,1.6466457042134939,-0.0029993259237981462,1.6030019658615848,-2.4563655525711203,0.46635693230252484,-1.0086696453956023,-1.363931480942561,-1
1.0,1.1586665001370238,-0.35407754733358415,2.2240812706934707,-0.5279084780959022,0.9022407158683234,-0.5659043073720329,1.3205629752602521,0.20765895279290023,1.5645150723723562,0.5873068031267724,0.48291646447391395,-0.8525599120094066,0.4919804945429616,2.1971577888246148,-0.7223469061030593,-1.5995967654564751,0.125274361117461,-0.99897634814253,0.756463436931119,1.085643392050758,1
1.0,0.4040677174788185,-0.46150812833879057,0.38787087566543804,-0.049295133881011664,1.6001840411844048,-1.2589249839582304,0.2925735422868773,1.2720350132740474,0.9360421732032065,0.18739669433801717,1.9495398335257141,0.5577278470605926,1.9241530904209185,0.12976833862813764,0.9496992649399479,-0.9269029418740079,0.15587855685172247,-0.8501778680265825,-0.31601021129480994,-1.194940870485114,-1
1.0,1.0127224377562585,-0.38081738361423767,0.600603885411359,0.5079289055798909,0.8279038138656644,0.8736216841142481,0.1280913124265512,-1.5710664943836077,0.06494541566466297,1.2743366321417648,-0.841227391135696,-1.0335467999765828,-0.5017721733905119,-0.004762815491230898,1.2816333593883777,-0.7196648669562392,-1.1793148137787044,-0.012681173354947915,-0.25900152973197255,-1.6906484842911857,-1
1.0,2.140389645028701,0.5022308151831032,0.5547757553270742,-0.37773912404291393,1.0311477542774998,-1.7827956320926706,-0.2003523380795041,-0.1330348834098631,-0.9927712637772445,-0.3947196532113546,0.6709239227928173,-0.8502660334122123,0.5391626394221214,0.4505700842946371,0.038981126717533905,0.22569509339762034,-1.3272948405134584,-0.144394834712923,1.3693023777933186,-1.1116060050993242,-1
1.0,0.802913679657156,1.7048546982504522,-0.48698713976621777,0.47110018990648933,-0.08853664635470093,-0.08686747353025327,-0.6834680329512645,-1.9768936072239343,0.9765204304383319,0.39424259225334096,-1.1695543087614,-0.2773509337787687,0.0874790940829955,-0.1595359714797382,-1.8064019925449646,-0.9939682688644308,0.09731289348447529,0.22804878542826024,-0.501697384195996,-2.884687489639197,-1
1.0,1.5963615139608116,0.4887644873534037,0.01309642443758501,-2.6113258827499024,-0.5808255717679582,-1.884741909322664,0.42983592644277896,0.5932711028962377,-0.091436063764254,1.3175398756375885,-1.161355329291578,-0.039367954247137016,1.2386939579411014,0.976560820493982,0.18367009745415347,1.5207899024065121,0.8406417040374183,0.8423564646760301,0.7587691384922429,-4.375356164965588,-1
1.0,0.11545699684653313,0.8594931464146426,0.5978622894281811,0.630384198734088,-0.7305171914014309,-1.4159277192442767,2.6349684041857824,-0.04100577510163595,0.6145296677814054,-0.42472615130687,1.8475391840257471,-0.2054567203069607,-0.6503642471711504,-1.641525806888772,0.23314615622010884,1.7938359028367499,0.18866217854040904,-1.7807943821559846,0.32927168524099404,1.5986134043901767,1
1.0,0.36839456947908744,0.15825819249950943,0.7339757801460316,1.3967621847190161,-0.44809443967255674,-0.14529439897170648,-2.3892021760129456,-1.433894919953041,0.09815399035124835,1.3406954044781083,-0.09858905371610417,0.1586595883864779,0.8207714485714593,-0.22983141985634997,0.3016397346848228,1.4485457533222144,-0.8192374211065964,-2.712142906961287,1.2946808440902866,-1.3421576405522617,-1
1.0,1.6741355536076943,-1.4666147772249722,-0.06108525945102652,-0.3098558254366267,1.0959402345202907,0.8062065707339922,-1.368919754943017,1.0829030018846757,1.6988639164704031,-1.1654512727288286,0.49280694981173934,0.2945992162127757,0.562267486799205,0.3940234712243508,-0.8697195516338931,0.5060756847012957,-0.17827494994334278,0.3768853276403119,-0.16293145429772962,-1.4381740176095608,-1
1.0,-1.1286370648932493,1.872216139988586,-1.6443278493403914,0.08476104748911933,-2.470788599640992,-0.8280192561015898,-0.013755141321136796,1.6871326634671635,-0.9128215822731128,0.007683775307304884,1.5566884444974076,-0.2324725716725869,-0.22445533103950704,-0.07714442062787631,0.08110163016317339,0.8058405325659649,-0.1849897768480492,-0.7721061208638591,0.5565740030489218,-1.6358855799368635,-1
1.0,0.4979707502135729,-0.41117913547981777,1.023726254998891,-0.38544466177913617,-0.012398295512911831,-0.47500774157631115,0.14645413611582145,-1.1695951450736708,1.3377489040947914,-0.03781772817555342,1.7062089023442961,0.422415980456415,1.0086815057664797,-0.4076766106726012,-3.384560365010517,-2.43396357862814,0.0699696930461659,1.2878423380038215,1.5966478953290175,1.02405007443871,1
1.0,0.40157205740100116,-0.36029107317823417,-0.8192358988352397,0.07171797090222899,1.617454947984264,-0.3940251283967071,-1.5249529334300804,1.4134055276031758,0.39324382940167246,-0.3724731462208104,0.19164701287377667,-0.5678946564417193,-0.8699180318816521,0.9929775839849924,0.4869331112523738,-0.49010550391945845,0.7716483013064326,1.2106016130764372,-0.8108504383785297,2.3711818546299264,1
1.0,-0.07151927430785669,0.3517475879618269,-1.5799543752178242,0.26012551768967185,-0.8977127075238678,0.6321594310668978,-0.47069267568652107,0.5146299066860217,1.7296203593778579,-1.396922356265701,0.09987152268663835,0.8025869527347362,1.8418591735431302,3.369486725839947,-0.6453623866876819,0.25180218677999594,-0.12462289439782873,1.7010081417293281,-0.40338564452514125,-1.2870504247844772,-1
1.0,-0.28226259532815723,0.0794654642117703,-0.7400182950737941,-0.9192764494603964,1.03111572095338,1.5428734438413845,0.5485163356146492,-0.004777202540583106,0.5566376999518645,1.7278162242453188,-0.694201827729417,0.28759821314726686,-1.399178220190283,-1.2135090377527318,-1.9714373560239333,-0.30817776220672954,0.7962031969912285,-1.961421311223909,-0.15994658875725382,1.087234655572028,1
1.0,-0.007905547236121592,-0.685103390793478,0.35771325335056847,-0.05308147475201956,1.3186506254681607,0.47146260554122194,-0.663286460775261,-0.336869089885807,1.6450446198370563,2.2168384879341163,-1.1232188333064306,-1.2876548191647088,0.596267322171723,-0.7888109561232157,0.03557276419521074,-0.6362093022217858,-0.04544891745749033,-1.2543954729211468,0.5956831124700979,-1.5156247924348696,-1
